path,group,type,availability,required,vocabulary,status,maturity,origin,since,function_tags,key_role,serves,serves_from_source,serves_added,facets,card,argument_role,definition_zh,data_source_zh,downstream_zh,constraints,ambiguities,source_ref
common.record_id,common,string,N,Y,,active,verified,fields_v3,3.0.0,研究内容1、通用字段,record_identity,"topic2,topic3,derivation,iteration","topic2,topic3,derivation,iteration",,topic2:memory;topic3:interface;derivation:kg+rdb+triple+qa+corpus;iteration:standard+traceability,,,同一逻辑记录跨版本和消费视图不变的稳定ID,来源主键与稳定ID规则,全部,,AMB-011,sources/fields_v3/breeding_fields_259_final.md#L7
common.schema_version,common,string,N,Y,,active,verified,fields_v3,3.0.0,迭代优化、通用字段,record_identity,"topic2,topic3,derivation,iteration","topic2,topic3,derivation,iteration",,topic2:memory;topic3:interface;derivation:kg+rdb+triple+qa+corpus;iteration:standard+traceability,,,记录所遵循的模式版本,规范版本,全部,,AMB-002,sources/fields_v3/breeding_fields_259_final.md#L8
common.record_kind,common,string,N,Y,record_kind,active,verified,fields_v3,3.0.0,研究内容1、通用字段,record_identity,"topic2,topic3,derivation,iteration","topic2,topic3,derivation,iteration",,topic2:memory;topic3:interface;derivation:kg+rdb+triple+qa+corpus;iteration:standard+traceability,,,论文证据、单值观测、资产、分析结果或工具规范的受控类型,来源映射规则,全部,,AMB-012,sources/fields_v3/breeding_fields_259_final.md#L9
common.source_id,common,string,N,Y,,active,verified,fields_v3,3.0.0,研究内容1、通用字段,source_identity,"topic2,topic3,derivation,iteration","topic2,topic3,derivation,iteration",,topic2:memory;topic3:interface;derivation:kg+rdb+corpus;iteration:traceability+fusion,,,跨机构稳定且带命名空间的来源ID，如doi:、sra:或urn:,DOI、试验注册或数据库ID,全部,pattern=^[A-Za-z][A-Za-z0-9+.\-]*:\S+$,,sources/fields_v3/breeding_fields_259_final.md#L10
common.source_type,common,string,D,Y,source_type,active,verified,fields_v3,3.0.0,研究内容1、通用字段,source_identity,"topic2,topic3,derivation,iteration","topic2,topic3,derivation,iteration",,topic2:memory;topic3:interface;derivation:kg+rdb+corpus;iteration:traceability+fusion,,,来源类型如paper、experiment_record或tool_description,PDF、数据库或工具说明,全部,,AMB-021,sources/fields_v3/breeding_fields_259_final.md#L11
common.source_title,common,string,D,C,,active,verified,fields_v3,3.0.0,研究内容1、通用字段,bibliographic,"topic2,topic3,derivation,iteration","topic2,topic3,derivation,iteration",,topic2:memory;topic3:registry;derivation:kg+rdb+corpus;iteration:traceability,,,文献标题；高频观测记录可由source_id连接来源元数据，避免逐行重复,PDF首页或来源元数据,全部,,AMB-020,sources/fields_v3/breeding_fields_259_final.md#L12
common.source_doi,common,string,D,N,,active,verified,fields_v3,3.0.0,研究内容1、通用字段,source_identity,"topic2,topic3,derivation,iteration","topic2,topic3,derivation,iteration",,topic2:memory;topic3:interface;derivation:kg+rdb+corpus;iteration:traceability+fusion,,,论文DOI规范值,PDF首页,全部,,,sources/fields_v3/breeding_fields_259_final.md#L13
common.source_year,common,integer,D,N,,active,verified,fields_v3,3.0.0,研究内容1、通用字段,bibliographic,"topic2,topic3,derivation,iteration","topic2,topic3,derivation,iteration",,topic2:memory;topic3:registry;derivation:kg+rdb+corpus;iteration:traceability,,,发表年份,PDF首页,全部,,,sources/fields_v3/breeding_fields_259_final.md#L14
common.source_authors,common,array_string,D,N,,active,verified,fields_v3,3.0.0,研究内容1、通用字段,bibliographic,"topic2,topic3,derivation,iteration","topic2,topic3,derivation,iteration",,topic2:memory;topic3:registry;derivation:kg+rdb+corpus;iteration:traceability,,,作者或发布机构列表,PDF首页,全部,,,sources/fields_v3/breeding_fields_259_final.md#L15
common.source_asset_id,common,string,N,N,,active,verified,fields_v3,3.0.0,研究内容1、通用字段,source_identity,"topic2,topic3,derivation,iteration","topic2,topic3,derivation,iteration",,topic2:memory;topic3:interface;derivation:kg+rdb+corpus;iteration:traceability+fusion,,,指向该来源具体数字版本的稳定资产ID；不能填本地路径,资产登记表,全部,,AMB-018,sources/fields_v3/breeding_fields_259_final.md#L16
common.source_file_sha256,common,string,N,N,,active,verified,fields_v3,3.0.0,研究内容1、迭代优化,source_identity,"topic2,topic3,derivation,iteration","topic2,topic3,derivation,iteration",,topic2:memory;topic3:interface;derivation:kg+rdb+corpus;iteration:traceability+fusion,,,原始文件内容校验和,文件校验,全部,pattern=^[0-9A-Fa-f]{64}$,"AMB-018,AMB-023",sources/fields_v3/breeding_fields_259_final.md#L17
common.source_locator,common,string,N,Y,,active,verified,fields_v3,3.0.0,研究内容1、通用字段,evidence_locator,"topic2,topic3,derivation,iteration","topic2,topic3,derivation,iteration",,topic2:reasoning;topic3:interface;derivation:kg+qa+corpus;iteration:quality+traceability,,,可回查到来源页段、表格单元、记录行或文件的定位符,PDF页码、数据库行键或资产偏移,全部,,AMB-011,sources/fields_v3/breeding_fields_259_final.md#L18
common.source_page,common,integer,D,C,,active,verified,fields_v3,3.0.0,研究内容1、通用字段,evidence_locator,"topic2,topic3,derivation,iteration","topic2,topic3,derivation,iteration",,topic2:reasoning;topic3:interface;derivation:kg+qa+corpus;iteration:quality+traceability,,,PDF物理页码从1开始,PDF物理页码,全部,minimum=1,,sources/fields_v3/breeding_fields_259_final.md#L19
common.source_section,common,string,D,N,,active,verified,fields_v3,3.0.0,研究内容1、通用字段,evidence_locator,"topic2,topic3,derivation,iteration","topic2,topic3,derivation,iteration",,topic2:reasoning;topic3:interface;derivation:kg+qa+corpus;iteration:quality+traceability,,,证据所在章节,PDF章节标题,全部,,,sources/fields_v3/breeding_fields_259_final.md#L20
common.source_table_figure,common,string,D,N,,active,verified,fields_v3,3.0.0,研究内容1、通用字段,evidence_locator,"topic2,topic3,derivation,iteration","topic2,topic3,derivation,iteration",,topic2:reasoning;topic3:interface;derivation:kg+qa+corpus;iteration:quality+traceability,,,支撑结论的表格或图件编号,PDF表图编号,全部,,,sources/fields_v3/breeding_fields_259_final.md#L21
common.source_table_row_key,common,string,D,N,,active,verified,fields_v3,3.0.0,研究内容1、通用字段,evidence_locator,"topic2,topic3,derivation,iteration","topic2,topic3,derivation,iteration",,topic2:reasoning;topic3:interface;derivation:kg+qa+corpus;iteration:quality+traceability,,,表格内行标签或行主键，保留原文格式,PDF表格,全部,,,sources/fields_v3/breeding_fields_259_final.md#L22
common.source_table_column_key,common,string,D,N,,active,verified,fields_v3,3.0.0,研究内容1、通用字段,evidence_locator,"topic2,topic3,derivation,iteration","topic2,topic3,derivation,iteration",,topic2:reasoning;topic3:interface;derivation:kg+qa+corpus;iteration:quality+traceability,,,表格内列标签或列主键，保留原文格式,PDF表格,全部,,,sources/fields_v3/breeding_fields_259_final.md#L23
common.source_quote,common,string,D,C,,active,verified,fields_v3,3.0.0,研究内容1、研究内容2,evidence_locator,"topic2,topic3,derivation,iteration","topic2,topic3,derivation,iteration",,topic2:reasoning;topic3:interface;derivation:kg+qa+corpus;iteration:quality+traceability,,data,最小且可回查的原文证据片段,PDF原文,全部,,AMB-019,sources/fields_v3/breeding_fields_259_final.md#L24
common.source_span,common,string,N,N,,active,verified,fields_v3,3.0.0,研究内容1、通用字段,evidence_locator,"topic2,topic3,derivation,iteration","topic2,topic3,derivation,iteration",,topic2:reasoning;topic3:interface;derivation:kg+qa+corpus;iteration:quality+traceability,,,原文字符偏移或版面坐标,PDF解析文本,全部,,AMB-011,sources/fields_v3/breeding_fields_259_final.md#L25
common.source_language,common,string,D,N,,active,verified,fields_v3,3.0.0,研究内容1、通用字段,bibliographic,"topic2,topic3,derivation,iteration","topic2,topic3,derivation,iteration",,topic2:memory;topic3:registry;derivation:kg+rdb+corpus;iteration:traceability,,,原始语种代码,PDF正文,全部,,,sources/fields_v3/breeding_fields_259_final.md#L26
common.extraction_method,common,string,N,Y,extraction_method,active,verified,fields_v3,3.0.0,研究内容1、迭代优化,lifecycle,iteration,iteration,,iteration:standard+quality+fusion+traceability,,,人工、规则、OCR、模型、API、仪器或ETL接入方式,抽取或ETL日志,课题一,,AMB-010,sources/fields_v3/breeding_fields_259_final.md#L27
common.extraction_confidence,common,number,G,N,,active,verified,fields_v3,3.0.0,研究内容1、迭代优化,lifecycle,iteration,iteration,,iteration:standard+quality+fusion+traceability,,monitoring,抽取过程置信度0到1,抽取模型结果,课题一,minimum=0;maximum=1,AMB-017,sources/fields_v3/breeding_fields_259_final.md#L28
common.review_status,common,string,N,Y,review_status,active,verified,fields_v3,3.0.0,研究内容1、迭代优化,lifecycle,iteration,iteration,,iteration:standard+quality+fusion+traceability,,evaluation,待复核、自动校验通过、专家通过或驳回,自动质控与人工复核,课题一,,AMB-010,sources/fields_v3/breeding_fields_259_final.md#L29
common.review_note,common,string,I,N,,active,verified,fields_v3,3.0.0,研究内容1、迭代优化,lifecycle,iteration,iteration,,iteration:standard+quality+fusion+traceability,,evaluation,未通过或存疑的具体原因,人工复核记录,课题一,,,sources/fields_v3/breeding_fields_259_final.md#L30
common.crop_name,common,string,D,Y,crop_name,active,verified,fields_v3,3.0.0,研究内容1、通用字段,entity_mention,"topic2,topic3,derivation,iteration","topic2,topic3,derivation,iteration",,topic2:reasoning+memory;topic3:interface;derivation:kg+rdb+triple+qa;iteration:ontology+fusion,,,记录所属作物名称，需另行映射crop_taxon_id,论文对象或数据集登记,全部,,AMB-022,sources/fields_v3/breeding_fields_259_final.md#L31
common.crop_taxon_id,common,string,N,N,,active,verified,fields_v3,3.0.0,研究内容1、通用字段,entity_id,derivation,derivation,,derivation:kg+rdb+triple,,,作物规范分类ID,物种标准词表,图谱,,,sources/fields_v3/breeding_fields_259_final.md#L32
common.species_name,common,string,D,N,,active,verified,fields_v3,3.0.0,研究内容1、通用字段,entity_mention,"topic2,topic3,derivation,iteration","topic2,topic3,derivation,iteration",,topic2:reasoning+memory;topic3:interface;derivation:kg+rdb+triple+qa;iteration:ontology+fusion,,,物种学名原文,论文对象,全部,,,sources/fields_v3/breeding_fields_259_final.md#L33
common.subspecies,common,string,D,N,,active,verified,fields_v3,3.0.0,研究内容1、通用字段,entity_mention,"topic2,derivation",topic2,derivation,topic2:reasoning+memory;derivation:kg+rdb+triple+qa,,,亚种或生态型,材料描述,课题二,,,sources/fields_v3/breeding_fields_259_final.md#L34
common.germplasm_names,common,array_string,D,N,,active,verified,fields_v3,3.0.0,研究内容1、通用字段,entity_mention,"topic2,derivation",topic2,derivation,topic2:reasoning+memory;derivation:kg+rdb+triple+qa,,,研究种质材料名称,材料与方法,课题二,,,sources/fields_v3/breeding_fields_259_final.md#L35
common.variety_names,common,array_string,D,N,,active,verified,fields_v3,3.0.0,研究内容1、通用字段,entity_mention,"topic2,derivation",topic2,derivation,topic2:reasoning+memory;derivation:kg+rdb+triple+qa,,,研究品种名称,材料与方法,课题二,,,sources/fields_v3/breeding_fields_259_final.md#L36
common.population_name,common,string,D,N,,active,verified,fields_v3,3.0.0,研究内容1、通用字段,entity_mention,"topic2,topic3,derivation","topic2,topic3",derivation,topic2:reasoning+memory;topic3:interface;derivation:kg+rdb+triple+qa,,,试验群体名称,材料与方法,课题二课题三,,,sources/fields_v3/breeding_fields_259_final.md#L37
common.population_type,common,string,D,N,population_type,active,verified,fields_v3,3.0.0,研究内容2、通用字段,condition,"topic2,topic3,derivation","topic2,topic3",derivation,topic2:reasoning+planning;topic3:interface;derivation:kg+triple+qa,,,RIL、NIL或自然群体等类型,材料与方法,课题二课题三,,,sources/fields_v3/breeding_fields_259_final.md#L38
common.parent_names,common,array_string,D,N,,active,verified,fields_v3,3.0.0,研究内容1、通用字段,entity_mention,"topic2,derivation",topic2,derivation,topic2:reasoning+memory;derivation:kg+rdb+triple+qa,,,亲本名称,材料与方法,课题二,,,sources/fields_v3/breeding_fields_259_final.md#L39
common.sample_size,common,integer,D,N,,active,verified,fields_v3,3.0.0,研究内容2、通用字段,condition,"topic2,topic3,derivation","topic2,topic3",derivation,topic2:reasoning+planning;topic3:interface;derivation:kg+triple+qa,,,支持该结果的材料或个体数,材料与方法,课题二课题三,minimum=0,,sources/fields_v3/breeding_fields_259_final.md#L40
common.trial_year,common,integer,D,N,,active,verified,fields_v3,3.0.0,研究内容2、通用字段,condition,"topic2,topic3,derivation","topic2,topic3",derivation,topic2:reasoning+planning;topic3:interface;derivation:kg+triple+qa,,,试验年份,材料与方法,课题二课题三,,,sources/fields_v3/breeding_fields_259_final.md#L41
common.location_name,common,string,D,N,,active,verified,fields_v3,3.0.0,研究内容2、通用字段,condition,"topic2,derivation",topic2,derivation,topic2:reasoning+planning;derivation:kg+triple+qa,,,试验地点,材料与方法,课题二,,,sources/fields_v3/breeding_fields_259_final.md#L42
common.environmental_conditions,common,array_string,D,N,,active,verified,fields_v3,3.0.0,研究内容2、通用字段,condition,"topic2,derivation",topic2,derivation,topic2:reasoning+planning;derivation:kg+triple+qa,,,温度、水分、土壤等条件原文,材料与方法,课题二,,,sources/fields_v3/breeding_fields_259_final.md#L43
common.growth_stage,common,string,D,N,,active,verified,fields_v3,3.0.0,研究内容2、通用字段,condition,"topic2,derivation",topic2,derivation,topic2:reasoning+planning;derivation:kg+triple+qa,,,观测生育阶段,材料与方法,课题二,,,sources/fields_v3/breeding_fields_259_final.md#L44
common.treatment,common,string,D,N,,active,verified,fields_v3,3.0.0,研究内容2、通用字段,condition,"topic2,derivation",topic2,derivation,topic2:reasoning+planning;derivation:kg+triple+qa,,,处理因素与强度原文,材料与方法,课题二,,,sources/fields_v3/breeding_fields_259_final.md#L45
common.trait_names,common,array_string,D,N,,active,verified,fields_v3,3.0.0,研究内容1、通用字段,entity_mention,"topic2,topic3,derivation,iteration","topic2,topic3,derivation,iteration",,topic2:reasoning+memory;topic3:interface;derivation:kg+rdb+triple+qa;iteration:ontology+fusion,,,结果涉及的性状名称,摘要或方法结果,全部,,,sources/fields_v3/breeding_fields_259_final.md#L46
common.trait_ids,common,array_string,N,N,,active,verified,fields_v3,3.0.0,研究内容1、通用字段,entity_id,derivation,derivation,,derivation:kg+rdb+triple,,,性状规范ID,性状本体映射,图谱,,,sources/fields_v3/breeding_fields_259_final.md#L47
common.gene_names,common,array_string,D,N,,active,verified,fields_v3,3.0.0,研究内容1、通用字段,entity_mention,"topic2,derivation","topic2,derivation",,topic2:reasoning+memory;derivation:kg+rdb+triple+qa,,,基因名称原文,摘要或结果,课题二图谱,,,sources/fields_v3/breeding_fields_259_final.md#L48
common.gene_ids,common,array_string,N,N,,active,verified,fields_v3,3.0.0,研究内容1、通用字段,entity_id,derivation,derivation,,derivation:kg+rdb+triple,,,基因规范ID,基因数据库映射,图谱,,,sources/fields_v3/breeding_fields_259_final.md#L49
common.marker_names,common,array_string,D,N,,active,verified,fields_v3,3.0.0,研究内容1、通用字段,entity_mention,"topic3,derivation","topic3,derivation",,topic3:interface;derivation:kg+rdb+triple+qa,,,具体分子标记名称,方法与结果,课题三图谱,,,sources/fields_v3/breeding_fields_259_final.md#L50
common.qtl_names,common,array_string,D,N,,active,verified,fields_v3,3.0.0,研究内容1、通用字段,entity_mention,"topic2,derivation","topic2,derivation",,topic2:reasoning+memory;derivation:kg+rdb+triple+qa,,,QTL名称原文,结果,课题二图谱,,,sources/fields_v3/breeding_fields_259_final.md#L51
common.genome_assembly,common,string,D,N,,active,verified,fields_v3,3.0.0,研究内容1、通用字段,reference_frame,"topic3,derivation,iteration","topic3,derivation",iteration,topic3:interface;derivation:kg+rdb;iteration:standard+ontology+fusion,,,变异坐标所依赖的明确参考组装版本，未报告时省略,论文方法或基因组数据库,图谱课题三,,AMB-009,sources/fields_v3/breeding_fields_259_final.md#L52
common.variant_ids,common,array_string,F,N,,active,verified,fields_v3,3.0.0,研究内容1、迭代优化,entity_id,"topic2,derivation","topic2,derivation",,topic2:memory;derivation:kg+rdb+triple,,,数据库规范变异ID,未来基因组数据库,课题二图谱,,,sources/fields_v3/breeding_fields_259_final.md#L53
common.sequence_accessions,common,array_string,F,N,,active,verified,fields_v3,3.0.0,研究内容1、迭代优化,entity_id,"topic3,derivation","topic3,derivation",,topic3:interface;derivation:kg+rdb+triple,,,序列资源登录号,未来基因组数据库,课题三图谱,,,sources/fields_v3/breeding_fields_259_final.md#L54
common.genotype_dataset_id,common,string,F,N,,active,verified,fields_v3,3.0.0,研究内容1、迭代优化,asset,topic3,topic3,,topic3:interface+orchestration,,,可复用基因型数据集ID,未来基因组数据库,课题三,,,sources/fields_v3/breeding_fields_259_final.md#L55
common.phenotype_dataset_id,common,string,F,N,,active,verified,fields_v3,3.0.0,研究内容1、迭代优化,asset,"topic2,topic3","topic2,topic3",,topic2:memory;topic3:interface+orchestration,,,可复用表型数据集ID,未来表型数据库,课题二课题三,,,sources/fields_v3/breeding_fields_259_final.md#L56
common.data_access_uri,common,string,F,N,,active,verified,fields_v3,3.0.0,研究内容1、迭代优化,asset,"topic2,topic3,derivation,iteration","topic2,topic3,derivation,iteration",,topic2:memory;topic3:interface+orchestration;derivation:rdb;iteration:standard+traceability,,,不含凭证的数据访问引用,未来数据库或受控资产库,全部,,,sources/fields_v3/breeding_fields_259_final.md#L57
common.original_value,common,string,D,N,,active,verified,fields_v3,3.0.0,研究内容1、通用字段,measurement,"topic2,topic3,derivation,iteration","topic2,topic3,derivation,iteration",,topic2:reasoning+execution;topic3:interface+output;derivation:rdb+qa;iteration:quality,,,原文数值或范围原样字符串,结果表图或文字,全部,,,sources/fields_v3/breeding_fields_259_final.md#L58
common.original_unit,common,string,D,N,,active,verified,fields_v3,3.0.0,研究内容1、通用字段,measurement,"topic2,topic3,derivation,iteration","topic2,topic3,derivation,iteration",,topic2:reasoning+execution;topic3:interface+output;derivation:rdb+qa;iteration:quality,,,原文计量单位,结果表图或文字,全部,,,sources/fields_v3/breeding_fields_259_final.md#L59
common.normalized_value,common,number,N,N,,active,verified,fields_v3,3.0.0,研究内容1、通用字段,measurement,"topic2,topic3","topic2,topic3",,topic2:reasoning+execution;topic3:interface+output,,,规范化后的单一数值，不承载范围或公式,单位转换规则,课题二课题三,,AMB-015,sources/fields_v3/breeding_fields_259_final.md#L60
common.normalized_min_value,common,number,N,N,,active,verified,fields_v3,3.0.0,研究内容1、通用字段,measurement,"topic2,topic3","topic2,topic3",,topic2:reasoning+execution;topic3:interface+output,,,规范化范围的数值下界，与上界成对填写,单位转换规则,课题二课题三,,AMB-015,sources/fields_v3/breeding_fields_259_final.md#L61
common.normalized_max_value,common,number,N,N,,active,verified,fields_v3,3.0.0,研究内容1、通用字段,measurement,"topic2,topic3","topic2,topic3",,topic2:reasoning+execution;topic3:interface+output,,,规范化范围的数值上界，与下界成对填写,单位转换规则,课题二课题三,,AMB-015,sources/fields_v3/breeding_fields_259_final.md#L62
common.normalized_unit,common,string,N,N,,active,verified,fields_v3,3.0.0,研究内容1、通用字段,measurement,"topic2,topic3","topic2,topic3",,topic2:reasoning+execution;topic3:interface+output,,,规范化单位,单位转换规则,课题二课题三,,AMB-015,sources/fields_v3/breeding_fields_259_final.md#L63
common.missing_fields,common,object_string,N,N,missing_reason,active,verified,fields_v3,3.0.0,研究内容1、迭代优化,lifecycle,iteration,iteration,,iteration:standard+quality+fusion+traceability,,monitoring,缺失字段到原因代码的映射,字段缺失审计,课题一,,,sources/fields_v3/breeding_fields_259_final.md#L64
common.conflict_record_ids,common,array_string,I,N,,active,verified,fields_v3,3.0.0,研究内容1、研究内容2,record_link,"topic2,derivation","topic2,derivation",,topic2:reasoning+memory;derivation:kg+rdb+triple+qa,,rebuttal,与本记录矛盾的证据ID,跨论文比对,课题二图谱,,,sources/fields_v3/breeding_fields_259_final.md#L65
common.environment_code,common,string,D,N,,active,verified,fields_v3,3.0.0,研究内容1、通用字段,context_key,"topic2,topic3","topic2,topic3",,topic2:memory+planning;topic3:interface+orchestration,,,单环境结果对应的试验编号如E1；跨环境汇总结论可省略,多环境试验表格,课题二课题三,,,sources/fields_v3/breeding_fields_259_final.md#L66
common.environment_count,common,integer,D,N,,active,verified,fields_v3,3.0.0,研究内容2、通用字段,condition,"topic2,topic3,derivation","topic2,topic3",derivation,topic2:reasoning+planning;topic3:interface;derivation:kg+triple+qa,,,同一研究用于评价结论的环境总数,材料与方法,课题二课题三,minimum=0,,sources/fields_v3/breeding_fields_259_final.md#L67
common.genetic_background,common,string,D,N,,active,verified,fields_v3,3.0.0,研究内容2、通用字段,condition,"topic2,derivation",topic2,derivation,topic2:reasoning+planning;derivation:kg+triple+qa,,,试验材料的遗传背景或亚种背景,材料与方法,课题二,,,sources/fields_v3/breeding_fields_259_final.md#L68
common.population_generation,common,string,D,N,,active,verified,fields_v3,3.0.0,研究内容2、通用字段,condition,"topic2,topic3,derivation","topic2,topic3",derivation,topic2:reasoning+planning;topic3:interface;derivation:kg+triple+qa,,,群体代次如F2:3或BC3F1,材料与方法,课题二课题三,,,sources/fields_v3/breeding_fields_259_final.md#L69
common.donor_parent,common,string,D,N,,active,verified,fields_v3,3.0.0,研究内容1、通用字段,entity_mention,"topic2,derivation",topic2,derivation,topic2:reasoning+memory;derivation:kg+rdb+triple+qa,,,导入片段或耐受等位基因的供体亲本,群体构建方法,课题二,,,sources/fields_v3/breeding_fields_259_final.md#L70
common.recurrent_parent,common,string,D,N,,active,verified,fields_v3,3.0.0,研究内容1、通用字段,entity_mention,"topic2,derivation",topic2,derivation,topic2:reasoning+memory;derivation:kg+rdb+triple+qa,,,回交或代换系的轮回亲本,群体构建方法,课题二,,,sources/fields_v3/breeding_fields_259_final.md#L71
common.chromosome,common,string,D,N,,active,verified,fields_v3,3.0.0,研究内容1、通用字段,entity_attribute,"topic2,derivation","topic2,derivation",,topic2:memory;derivation:kg+rdb+qa,,,本证据所指QTL或位点的染色体原文编号,定位结果或表格,图谱课题二,,,sources/fields_v3/breeding_fields_259_final.md#L72
common.locus_interval_start_bp,common,integer,D,N,,active,verified,fields_v3,3.0.0,研究内容1、通用字段,entity_attribute,"topic2,derivation","topic2,derivation",,topic2:memory;derivation:kg+rdb+qa,,,论文报告的物理区间起点bp；须结合组装版本使用,QTL定位结果,图谱课题二,minimum=0,AMB-009,sources/fields_v3/breeding_fields_259_final.md#L73
common.locus_interval_end_bp,common,integer,D,N,,active,verified,fields_v3,3.0.0,研究内容1、通用字段,entity_attribute,"topic2,derivation","topic2,derivation",,topic2:memory;derivation:kg+rdb+qa,,,论文报告的物理区间终点bp；须结合组装版本使用,QTL定位结果,图谱课题二,minimum=0,AMB-009,sources/fields_v3/breeding_fields_259_final.md#L74
common.locus_interval_label,common,string,D,N,,active,verified,fields_v3,3.0.0,研究内容1、通用字段,entity_attribute,"topic2,derivation","topic2,derivation",,topic2:memory;derivation:kg+rdb+qa,,,以标记命名的区间原文如G1149-R727，不擅自换算成bp,连锁定位表格,图谱课题二,,,sources/fields_v3/breeding_fields_259_final.md#L75
common.trait_measurement_protocol,common,string,D,N,,active,verified,fields_v3,3.0.0,研究内容2、通用字段,method_spec,"topic2,topic3","topic2,topic3",,topic2:planning+execution;topic3:interface+registry,,,性状测量的样本单位、公式或操作条件,表型测定方法,课题二课题三,,,sources/fields_v3/breeding_fields_259_final.md#L76
common.dataset_id,common,string,N,C,,active,verified,fields_v3,3.0.0,研究内容1、通用字段,lifecycle,"topic2,topic3,derivation,iteration","topic2,topic3,derivation,iteration",,topic2:memory;topic3:interface;derivation:kg+rdb+qa+corpus;iteration:standard+quality+fusion+traceability,,,TB级数据集稳定ID，用于跨分片聚合,数据集注册表,全部,,AMB-008,sources/fields_v3/breeding_fields_259_final.md#L77
common.dataset_version,common,string,N,C,,active,verified,fields_v3,3.0.0,迭代优化、通用字段,lifecycle,"topic2,topic3,derivation,iteration","topic2,topic3,derivation,iteration",,topic2:memory;topic3:interface;derivation:kg+rdb+qa+corpus;iteration:standard+quality+fusion+traceability,,,不可变数据集快照版本，与字段规范版本分开,数据集发布清单,全部,,AMB-008,sources/fields_v3/breeding_fields_259_final.md#L78
common.record_version,common,integer,N,C,,active,verified,fields_v3,3.0.0,迭代优化、通用字段,record_identity,"topic2,topic3,derivation,iteration","topic2,topic3,derivation,iteration",,topic2:memory;topic3:interface;derivation:kg+rdb+triple+qa+corpus;iteration:standard+traceability,,,同一record_id的修订序号，从1递增；历史版本不可覆盖,数据更新日志,全部,minimum=1,AMB-008,sources/fields_v3/breeding_fields_259_final.md#L79
common.record_grain,common,string,N,C,record_grain,active,verified,fields_v3,3.0.0,研究内容1、通用字段,record_identity,"topic2,topic3,derivation,iteration","topic2,topic3,derivation,iteration",,topic2:memory;topic3:interface;derivation:kg+rdb+triple+qa+corpus;iteration:standard+traceability,,,evidence_unit、observation_unit、asset_unit或tool_unit,记录类型规则,全部,,"AMB-007,AMB-008",sources/fields_v3/breeding_fields_259_final.md#L80
common.ingest_batch_id,common,string,N,N,,active,verified,fields_v3,3.0.0,研究内容1、迭代优化,lifecycle,iteration,iteration,,iteration:standard+quality+fusion+traceability,,,该记录的批次ID，用于批量回滚和质量追踪,数据接入日志,课题一,,,sources/fields_v3/breeding_fields_259_final.md#L81
common.extraction_run_id,common,string,N,N,,active,verified,fields_v3,3.0.0,研究内容1、迭代优化,lifecycle,iteration,iteration,,iteration:standard+quality+fusion+traceability,,,可复现抽取任务及模型、规则、参数版本的运行ID,PDF抽取或ETL日志,课题一,,,sources/fields_v3/breeding_fields_259_final.md#L82
common.source_record_id,common,string,D,N,,active,verified,fields_v3,3.0.0,研究内容1、通用字段,source_identity,"topic2,topic3,derivation,iteration","topic2,topic3,derivation,iteration",,topic2:memory;topic3:interface;derivation:kg+rdb+corpus;iteration:traceability+fusion,,,来源系统中的原始行或对象ID，支持幂等导入,来源表主键或论文局部ID,全部,,,sources/fields_v3/breeding_fields_259_final.md#L83
common.source_version,common,string,D,N,,active,verified,fields_v3,3.0.0,迭代优化、通用字段,source_identity,"topic2,topic3,derivation,iteration","topic2,topic3,derivation,iteration",,topic2:memory;topic3:interface;derivation:kg+rdb+corpus;iteration:traceability+fusion,,,PDF版本、数据库发布号或工具说明版本,来源系统版本,全部,,,sources/fields_v3/breeding_fields_259_final.md#L84
common.source_uri,common,string,N,N,,active,verified,fields_v3,3.0.0,研究内容1、通用字段,source_identity,"topic2,topic3,derivation,iteration","topic2,topic3,derivation,iteration",,topic2:memory;topic3:interface;derivation:kg+rdb+corpus;iteration:traceability+fusion,,,不含凭证的持久URI，如doi:或https:；不得为本地路径或file:URI,来源登记或永久标识,全部,,,sources/fields_v3/breeding_fields_259_final.md#L85
common.data_modality,common,string,D,N,data_modality,active,verified,fields_v3,3.0.0,研究内容1、通用字段,asset,"topic2,topic3","topic2,topic3",,topic2:memory;topic3:interface+orchestration,,,paper、genotype、phenotype、environment、omics、image或tool等模态,来源元数据,课题二课题三,,,sources/fields_v3/breeding_fields_259_final.md#L86
common.linked_modalities,common,array_string,N,N,data_modality,active,verified,fields_v3,3.0.0,研究内容1、通用字段,asset,derivation,derivation,,derivation:rdb,,,与本记录显式关联的模态代码；跨模态关系需提供可追溯资产或记录ID,资产与实体关联,图谱GraphRAG,,,sources/fields_v3/breeding_fields_259_final.md#L87
common.license_id,common,string,N,N,,active,verified,fields_v3,3.0.0,研究内容1、通用字段,governance,iteration,iteration,,iteration:standard,,,来源数据的许可或使用协议标识，不推断版权许可,来源授权或数据协议,数据治理,,,sources/fields_v3/breeding_fields_259_final.md#L88
common.access_level,common,string,N,N,access_level,active,verified,fields_v3,3.0.0,研究内容1、通用字段,governance,iteration,iteration,,iteration:standard,,,open、controlled或restricted访问级别,数据治理策略,数据治理,,,sources/fields_v3/breeding_fields_259_final.md#L89
common.ingested_at,common,string,N,N,,active,verified,fields_v3,3.0.0,研究内容1、迭代优化,lifecycle,iteration,iteration,,iteration:standard+quality+fusion+traceability,,,首次进入本数据集的ISO 8601 UTC时间,接入日志,数据治理,pattern=^\d{4}-\d{2}-\d{2}T\d{2}:\d{2}(:\d{2}(\.\d+)?)?(Z|\+00:00)$,,sources/fields_v3/breeding_fields_259_final.md#L90
common.study_id,common,string,N,N,,active,verified,fields_v3,3.0.0,研究内容1、通用字段,context_key,"topic2,topic3","topic2,topic3",,topic2:memory+planning;topic3:interface+orchestration,,,研究项目稳定ID，同一论文可含多个试验,论文或试验注册,课题二课题三,,,sources/fields_v3/breeding_fields_259_final.md#L91
common.experiment_id,common,string,N,N,,active,verified,fields_v3,3.0.0,研究内容1、通用字段,context_key,topic2,topic2,,topic2:memory+planning,,,对照、处理与评价目标一致的试验ID,试验方案,课题二,,,sources/fields_v3/breeding_fields_259_final.md#L92
common.trial_id,common,string,N,N,,active,verified,fields_v3,3.0.0,研究内容1、通用字段,context_key,"topic2,topic3","topic2,topic3",,topic2:memory+planning;topic3:interface+orchestration,,,一次地点季节组合的试验ID,田间或温室试验记录,课题二课题三,,,sources/fields_v3/breeding_fields_259_final.md#L93
common.environment_id,common,string,N,C,,active,verified,fields_v3,3.0.0,研究内容1、通用字段,context_key,"topic2,topic3","topic2,topic3",,topic2:memory+planning;topic3:interface+orchestration,,,地点、年度、处理和时段组成的稳定环境ID,环境表或试验记录,课题二课题三,,AMB-008,sources/fields_v3/breeding_fields_259_final.md#L94
common.material_id,common,string,N,N,,active,verified,fields_v3,3.0.0,研究内容1、通用字段,entity_id,"topic2,derivation","topic2,derivation",,topic2:memory;derivation:kg+rdb+triple,,,材料稳定ID，区别于可能重名的品种名称,种质或材料登记,课题二图谱,,,sources/fields_v3/breeding_fields_259_final.md#L95
common.sample_id,common,string,N,C,,active,verified,fields_v3,3.0.0,研究内容1、通用字段,context_key,"topic2,topic3","topic2,topic3",,topic2:memory+planning;topic3:interface+orchestration,,,生物样本稳定ID，与材料、组织和采样事件分开,采样或分型登记,课题二课题三,,AMB-008,sources/fields_v3/breeding_fields_259_final.md#L96
common.plot_id,common,string,N,N,,active,verified,fields_v3,3.0.0,研究内容1、通用字段,context_key,topic2,topic2,,topic2:memory+planning,,,小区ID，连接区组、处理和表型观测,田间布置表,课题二,,,sources/fields_v3/breeding_fields_259_final.md#L97
common.replicate_id,common,string,N,N,,active,verified,fields_v3,3.0.0,研究内容1、通用字段,context_key,"topic2,topic3","topic2,topic3",,topic2:memory+planning;topic3:interface+orchestration,,,生物或技术重复ID，具体类别需见试验方案,试验记录,课题二课题三,,,sources/fields_v3/breeding_fields_259_final.md#L98
common.treatment_id,common,string,N,N,,active,verified,fields_v3,3.0.0,研究内容1、通用字段,context_key,topic2,topic2,,topic2:memory+planning,,,温度、水分、病原或管理处理的稳定ID,处理方案,课题二,,,sources/fields_v3/breeding_fields_259_final.md#L99
common.assay_id,common,string,N,N,,active,verified,fields_v3,3.0.0,研究内容1、通用字段,context_key,topic3,topic3,,topic3:interface+orchestration,,,分型、表型、转录组或其他测定流程ID,检测方案,课题三,,,sources/fields_v3/breeding_fields_259_final.md#L100
common.analysis_run_id,common,string,N,N,,active,verified,fields_v3,3.0.0,研究内容1、通用字段,context_key,topic3,topic3,,topic3:interface+orchestration,,,生成本结果的分析任务运行ID,计算运行日志,课题三,,,sources/fields_v3/breeding_fields_259_final.md#L101
common.trait_id,common,string,N,C,,active,verified,fields_v3,3.0.0,研究内容1、通用字段,entity_id,"topic2,derivation","topic2,derivation",,topic2:memory;derivation:kg+rdb+triple,,,本行单一性状的规范ID，保留trait_names原文,性状本体,课题二图谱,,AMB-008,sources/fields_v3/breeding_fields_259_final.md#L102
common.variant_id,common,string,N,C,,active,verified,fields_v3,3.0.0,研究内容1、通用字段,entity_id,"topic2,topic3,derivation","topic2,topic3,derivation",,topic2:memory;topic3:interface;derivation:kg+rdb+triple,,,本行单一变异的稳定ID，须绑定genome_assembly,变异标准化结果,课题二课题三图谱,,AMB-008,sources/fields_v3/breeding_fields_259_final.md#L103
common.observation_time,common,string,D,C,,active,verified,fields_v3,3.0.0,研究内容2、通用字段,measurement,"topic2,topic3","topic2,topic3",,topic2:reasoning+execution;topic3:interface+output,,,测量发生的ISO 8601 UTC时间，不等同于入库时间,仪器或田间采集日志,课题二课题三,pattern=^\d{4}-\d{2}-\d{2}T\d{2}:\d{2}(:\d{2}(\.\d+)?)?(Z|\+00:00)$,AMB-008,sources/fields_v3/breeding_fields_259_final.md#L104
common.measurement_name,common,string,D,C,,active,verified,fields_v3,3.0.0,研究内容2、通用字段,measurement,"topic2,topic3","topic2,topic3",,topic2:reasoning+execution;topic3:interface+output,,,本行单一测量项名称，如株高或日最高温,表型或环境变量定义,课题二课题三,,AMB-008,sources/fields_v3/breeding_fields_259_final.md#L105
common.measurement_value,common,number,D,C,,active,verified,fields_v3,3.0.0,研究内容2、通用字段,measurement,"topic2,topic3","topic2,topic3",,topic2:reasoning+execution;topic3:interface+output,,,数值测量值；缺失值不可填0代替,表型或传感器记录,课题二课题三,,AMB-008,sources/fields_v3/breeding_fields_259_final.md#L106
common.measurement_text,common,string,D,C,,active,verified,fields_v3,3.0.0,研究内容2、通用字段,measurement,"topic2,topic3","topic2,topic3",,topic2:reasoning+execution;topic3:interface+output,,,非数值测量值，如抗病等级；与measurement_value二选一,分类表型记录,课题二课题三,,AMB-008,sources/fields_v3/breeding_fields_259_final.md#L107
common.measurement_unit,common,string,D,C,,active,verified,fields_v3,3.0.0,研究内容2、通用字段,measurement,"topic2,topic3","topic2,topic3",,topic2:reasoning+execution;topic3:interface+output,,,数值测量单位及尺度，须与measurements的标准词表匹配,测量方案或数据字典,课题二课题三,,AMB-016,sources/fields_v3/breeding_fields_259_final.md#L108
common.measurement_quality_flag,common,string,N,N,measurement_quality_flag,active,verified,fields_v3,3.0.0,研究内容1、迭代优化,lifecycle,"topic2,iteration","topic2,iteration",,topic2:memory;iteration:standard+quality+fusion+traceability,,monitoring,accepted、suspect、rejected或unreviewed,自动质量规则与人工复核,课题一课题二,,,sources/fields_v3/breeding_fields_259_final.md#L109
common.genotype_call,common,string,D,C,,active,verified,fields_v3,3.0.0,研究内容2、通用字段,measurement,"topic2,topic3","topic2,topic3",,topic2:reasoning+execution;topic3:interface+output,,,单样本单变异的基因型调用，密集矩阵优先存外部资产,稀疏分型结果,课题二课题三,,AMB-008,sources/fields_v3/breeding_fields_259_final.md#L110
common.genotype_dosage,common,number,D,N,,active,verified,fields_v3,3.0.0,研究内容2、通用字段,measurement,topic3,topic3,,topic3:interface+output,,,指定等位基因的剂量；需按倍性及等位基因方向解释,分型结果,课题三,minimum=0,,sources/fields_v3/breeding_fields_259_final.md#L111
common.asset_uri,common,string,N,C,,active,verified,fields_v3,3.0.0,研究内容1、通用字段,asset,"topic2,topic3,derivation,iteration","topic2,topic3,derivation,iteration",,topic2:memory;topic3:interface+orchestration;derivation:rdb;iteration:standard+traceability,,,不含临时签名的持久大文件URI，如VCF、Parquet、图像、PDF,对象存储或资产目录,全部,,AMB-008,sources/fields_v3/breeding_fields_259_final.md#L112
common.asset_kind,common,string,N,N,asset_kind,active,verified,fields_v3,3.0.0,研究内容1、通用字段,asset,"topic2,topic3","topic2,topic3",,topic2:memory;topic3:interface+orchestration,,,genotype_matrix、phenotype_table、image、raw_pdf等资产类别,数据资产注册,课题二课题三,,,sources/fields_v3/breeding_fields_259_final.md#L113
common.asset_format,common,string,D,C,asset_format,active,verified,fields_v3,3.0.0,研究内容1、通用字段,asset,topic3,topic3,,topic3:interface+orchestration,,,VCF、BCF、Parquet、Zarr、TIFF、PDF等真实格式,文件头或资产元数据,课题三,,AMB-008,sources/fields_v3/breeding_fields_259_final.md#L114
common.asset_compression,common,string,D,N,asset_compression,active,verified,fields_v3,3.0.0,研究内容1、通用字段,asset,topic3,topic3,,topic3:interface+orchestration,,,gzip、bgzip、zstd等压缩方式,文件头或资产元数据,课题三,,,sources/fields_v3/breeding_fields_259_final.md#L115
common.asset_size_bytes,common,integer,N,C,,active,verified,fields_v3,3.0.0,研究内容1、通用字段,asset,iteration,iteration,,iteration:standard+traceability,,,原始文件字节数，用于完整性与容量规划,存储系统元数据,数据治理,minimum=0,AMB-008,sources/fields_v3/breeding_fields_259_final.md#L116
common.asset_sha256,common,string,N,C,,active,verified,fields_v3,3.0.0,研究内容1、迭代优化,asset,iteration,iteration,,iteration:standard+traceability,,,资产内容的SHA-256十六进制摘要,文件校验,数据治理,pattern=^[0-9A-Fa-f]{64}$,AMB-008,sources/fields_v3/breeding_fields_259_final.md#L117
common.asset_row_count,common,integer,N,N,,active,verified,fields_v3,3.0.0,研究内容1、通用字段,asset,iteration,iteration,,iteration:standard+traceability,,,表或矩阵第一维记录数，零行文件须显式登记,资产索引或扫描结果,数据治理,minimum=0,,sources/fields_v3/breeding_fields_259_final.md#L118
common.asset_column_count,common,integer,N,N,,active,verified,fields_v3,3.0.0,研究内容1、通用字段,asset,iteration,iteration,,iteration:standard+traceability,,,表或矩阵字段数，具体维度语义见资产Schema,资产索引或扫描结果,数据治理,minimum=0,,sources/fields_v3/breeding_fields_259_final.md#L119
common.asset_schema_ref,common,string,N,N,,active,verified,fields_v3,3.0.0,研究内容1、通用字段,asset,topic3,topic3,,topic3:interface+orchestration,,,高维文件的字段、单位、坐标和缺失值定义的版本化引用,资产数据字典,课题三,,,sources/fields_v3/breeding_fields_259_final.md#L120
common.qc_rule_set_version,common,string,N,N,,active,verified,fields_v3,3.0.0,研究内容1、迭代优化,lifecycle,iteration,iteration,,iteration:standard+quality+fusion+traceability,,,自动质控规则集版本，用于重算和差异审计,质量规则注册,课题一,,,sources/fields_v3/breeding_fields_259_final.md#L121
common.qc_failure_codes,common,array_string,N,N,,active,verified,fields_v3,3.0.0,研究内容1、迭代优化,lifecycle,iteration,iteration,,iteration:standard+quality+fusion+traceability,,monitoring,未通过的质量规则代码，不将异常数据静默删除,质量检查日志,课题一,,,sources/fields_v3/breeding_fields_259_final.md#L122
common.site_id,common,string,N,N,,active,verified,fields_v3,3.0.0,研究内容1、通用字段,context_key,topic2,topic2,,topic2:memory+planning,,,田间站点或温室稳定ID，环境ID可引用同一地点的不同季节,试验地点注册表,课题二,,,sources/fields_v3/breeding_fields_259_final.md#L123
common.latitude_deg,common,number,D,N,,active,verified,fields_v3,3.0.0,研究内容2、通用字段,condition,"topic2,derivation",topic2,derivation,topic2:reasoning+planning;derivation:kg+triple+qa,,,地点纬度十进制度，建议只写入站点元数据记录,站点元数据,课题二,minimum=-90;maximum=90,,sources/fields_v3/breeding_fields_259_final.md#L124
common.longitude_deg,common,number,D,N,,active,verified,fields_v3,3.0.0,研究内容2、通用字段,condition,"topic2,derivation",topic2,derivation,topic2:reasoning+planning;derivation:kg+triple+qa,,,地点经度十进制度，建议只写入站点元数据记录,站点元数据,课题二,minimum=-180;maximum=180,,sources/fields_v3/breeding_fields_259_final.md#L125
common.elevation_m,common,number,D,N,,active,verified,fields_v3,3.0.0,研究内容2、通用字段,condition,"topic2,derivation",topic2,derivation,topic2:reasoning+planning;derivation:kg+triple+qa,,,地点海拔米，来源测量口径需可追溯,站点元数据,课题二,,,sources/fields_v3/breeding_fields_259_final.md#L126
common.soil_type,common,string,D,N,,active,verified,fields_v3,3.0.0,研究内容2、通用字段,condition,"topic2,derivation",topic2,derivation,topic2:reasoning+planning;derivation:kg+triple+qa,,,原文或数据字典中的土壤类型，规范ID需另行对齐,田间试验记录,课题二,,,sources/fields_v3/breeding_fields_259_final.md#L127
common.agroecological_zone,common,string,N,N,,active,verified,fields_v3,3.0.0,研究内容2、通用字段,condition,"topic2,derivation",topic2,derivation,topic2:reasoning+planning;derivation:kg+triple+qa,,,站点所属农业生态区规范名或代码,农业生态区词表,课题二,,,sources/fields_v3/breeding_fields_259_final.md#L128
common.trial_season,common,string,D,N,,active,verified,fields_v3,3.0.0,研究内容2、通用字段,condition,"topic2,topic3,derivation","topic2,topic3",derivation,topic2:reasoning+planning;topic3:interface;derivation:kg+triple+qa,,,播种和收获季节标识，区别于自然年度,田间试验记录,课题二课题三,,,sources/fields_v3/breeding_fields_259_final.md#L129
common.ploidy,common,integer,D,C,,active,verified,fields_v3,3.0.0,研究内容1、通用字段,entity_attribute,"topic2,topic3,derivation","topic2,topic3",derivation,topic2:memory;topic3:interface;derivation:kg+rdb+qa,,,稀疏基因型调用的倍性，剂量取值不得超过该值,物种及分型元数据,课题二课题三,minimum=1,AMB-008,sources/fields_v3/breeding_fields_259_final.md#L130
common.reference_allele,common,string,D,C,,active,verified,fields_v3,3.0.0,研究内容1、通用字段,entity_attribute,"topic2,topic3,derivation","topic2,topic3",derivation,topic2:memory;topic3:interface;derivation:kg+rdb+qa,,,指定参考组装下该位点的参考等位基因,变异标准化或VCF,课题二课题三,,AMB-008,sources/fields_v3/breeding_fields_259_final.md#L131
common.alternate_allele,common,string,D,C,,active,verified,fields_v3,3.0.0,研究内容1、通用字段,entity_attribute,"topic2,topic3,derivation","topic2,topic3",derivation,topic2:memory;topic3:interface;derivation:kg+rdb+qa,,,本行分析的替代等位基因，多等位需明确具体序号,变异标准化或VCF,课题二课题三,,AMB-008,sources/fields_v3/breeding_fields_259_final.md#L132
common.dosage_allele,common,string,D,C,,active,verified,fields_v3,3.0.0,研究内容1、通用字段,entity_attribute,"topic3,derivation",topic3,derivation,topic3:interface;derivation:kg+rdb+qa,,,genotype_dosage所计数的等位基因，必须与本行参考或替代等位一致,分型数据字典,课题三,,AMB-008,sources/fields_v3/breeding_fields_259_final.md#L133
common.schema_name,common,string,N,N,,active,provisional,repository,3.1.0,迭代优化、通用字段,record_identity,"topic2,topic3,derivation,iteration",,"topic2,topic3,derivation,iteration",topic2:memory;topic3:interface;derivation:kg+rdb+triple+qa+corpus;iteration:standard+traceability,,,记录遵循的数据契约名称；与 schema_version 共同标识契约,契约发布（系统填写）,,,AMB-013,docs/versioning.md
common.source_document_type,common,string,D,N,document_type,active,provisional,legacy_v1,3.1.0,研究内容1、通用字段,source_identity,"topic2,topic3,derivation,iteration",,"topic2,topic3,derivation,iteration",topic2:memory;topic3:interface;derivation:kg+rdb+corpus;iteration:traceability+fusion,,,文献类型，如期刊论文、学位论文、综述；细分 source_type=paper,PDF首页或来源元数据,,,AMB-028,sources/legacy_v1/breeding_jsonl_spec.md#L47
common.source_journal,common,string,D,N,,active,provisional,legacy_v1,3.1.0,研究内容1、通用字段,bibliographic,"derivation,iteration",,"derivation,iteration",derivation:kg+rdb+corpus;iteration:traceability,,,刊物、学位授予单位或发布平台名称,PDF首页或来源元数据,,,,sources/legacy_v1/breeding_jsonl_spec.md#L62
common.source_volume,common,string,D,N,,active,provisional,legacy_v1,3.1.0,研究内容1、通用字段,bibliographic,"derivation,iteration",,"derivation,iteration",derivation:kg+rdb+corpus;iteration:traceability,,,卷号,PDF首页或来源元数据,,,,sources/legacy_v1/breeding_jsonl_spec.md#L65
common.source_issue,common,string,D,N,,active,provisional,legacy_v1,3.1.0,研究内容1、通用字段,bibliographic,"derivation,iteration",,"derivation,iteration",derivation:kg+rdb+corpus;iteration:traceability,,,期号,PDF首页或来源元数据,,,,sources/legacy_v1/breeding_jsonl_spec.md#L65
common.source_page_range,common,string,D,N,,active,provisional,legacy_v1,3.1.0,研究内容1、通用字段,bibliographic,"derivation,iteration",,"derivation,iteration",derivation:kg+rdb+corpus;iteration:traceability,,,出版物页码范围原文；不是 PDF 物理页码 source_page,PDF首页或来源元数据,,,AMB-029,sources/legacy_v1/breeding_jsonl_spec.md#L65
common.source_abstract,common,string,D,N,,active,provisional,legacy_v1,3.1.0,研究内容1、通用字段,bibliographic,"topic2,derivation",,"topic2,derivation",topic2:memory;derivation:kg+rdb+corpus,,,摘要原文,PDF摘要,,,,sources/legacy_v1/breeding_jsonl_spec.md#L68
common.source_keywords,common,array_string,D,N,,active,provisional,legacy_v1,3.1.0,研究内容1、通用字段,bibliographic,derivation,,derivation,derivation:kg+rdb+corpus,,,关键词原文（含作者关键词与主题词）,PDF首页,,,,sources/legacy_v1/breeding_jsonl_spec.md#L69
common.source_funding,common,array_string,D,N,,active,provisional,legacy_v1,3.1.0,研究内容1、通用字段,bibliographic,derivation,,derivation,derivation:kg+rdb+corpus,,,资助项目及编号原文,页脚或致谢,,,,sources/legacy_v1/breeding_jsonl_spec.md#L70
common.source_affiliations,common,array_string,D,N,,active,provisional,legacy_v1,3.1.0,研究内容1、通用字段,bibliographic,derivation,,derivation,derivation:kg+rdb+corpus,,,作者机构名称原文,PDF首页,,,,sources/legacy_v1/breeding_jsonl_spec.md#L61
common.locus_interval_start_cm,common,number,D,N,,active,provisional,legacy_v1,3.1.0,研究内容1、通用字段,entity_attribute,"topic2,topic3,derivation",,"topic2,topic3,derivation",topic2:memory;topic3:interface;derivation:kg+rdb+qa,,,论文报告的遗传图谱区间起点 cM,定位结果或表格,,,,sources/legacy_v1/breeding_jsonl_spec.md#L211
common.locus_interval_end_cm,common,number,D,N,,active,provisional,legacy_v1,3.1.0,研究内容1、通用字段,entity_attribute,"topic2,topic3,derivation",,"topic2,topic3,derivation",topic2:memory;topic3:interface;derivation:kg+rdb+qa,,,论文报告的遗传图谱区间终点 cM,定位结果或表格,,,,sources/legacy_v1/breeding_jsonl_spec.md#L211
common.marker_type,common,string,D,N,,active,provisional,legacy_v1,3.1.0,研究内容1、通用字段,entity_attribute,"topic2,topic3,derivation",,"topic2,topic3,derivation",topic2:memory;topic3:interface;derivation:kg+rdb+qa,,,分子标记类型原文，如 SNP、SSR、InDel、KASP,材料与方法或标记表,,,,sources/legacy_v1/breeding_jsonl_spec.md#L196
common.primer_forward,common,string,D,N,,active,provisional,legacy_v1,3.1.0,研究内容1、通用字段,entity_attribute,"topic2,topic3,derivation",,"topic2,topic3,derivation",topic2:memory;topic3:interface;derivation:kg+rdb+qa,,,正向引物序列原文,引物表或补充材料,,,,sources/legacy_v1/breeding_jsonl_spec.md#L203
common.primer_reverse,common,string,D,N,,active,provisional,legacy_v1,3.1.0,研究内容1、通用字段,entity_attribute,"topic2,topic3,derivation",,"topic2,topic3,derivation",topic2:memory;topic3:interface;derivation:kg+rdb+qa,,,反向引物序列原文,引物表或补充材料,,,,sources/legacy_v1/breeding_jsonl_spec.md#L203
common.variety_approval_number,common,string,D,N,,active,provisional,legacy_v1,3.1.0,研究内容1、通用字段,entity_id,"topic2,topic3,derivation",,"topic2,topic3,derivation",topic2:memory;topic3:interface;derivation:kg+rdb+triple,,,品种审定、登记或植物新品种权编号原文,品种描述,,,,sources/legacy_v1/breeding_jsonl_spec.md#L152
common.pedigree_text,common,string,D,N,,active,provisional,legacy_v1,3.1.0,研究内容1、通用字段,entity_attribute,"topic2,topic3,derivation",,"topic2,topic3,derivation",topic2:memory;topic3:interface;derivation:kg+rdb+qa,,,系谱原始文本,材料与方法或品种描述,,,,sources/legacy_v1/breeding_jsonl_spec.md#L138
common.source_pmid,common,string,D,N,,active,provisional,omics_v2,3.1.0,研究内容1、通用字段,source_identity,"topic2,topic3,derivation,iteration",,"topic2,topic3,derivation,iteration",topic2:memory;topic3:interface;derivation:kg+rdb+corpus;iteration:traceability+fusion,,,PubMed 编号,PDF首页或来源元数据,,pattern=^[1-9][0-9]*$,AMB-026,sources/omics_v2/omics_metadata_template.json#/basic_identity/pmid
common.data_accessions,common,array_string,D,N,,active,provisional,omics_v2,3.1.0,研究内容1、通用字段,asset,"topic3,derivation",,"topic3,derivation",topic3:interface+orchestration;derivation:rdb,,,论文报告的公共数据库登录号原文,数据可用性声明或方法,,,"AMB-026,AMB-027",sources/omics_v2/omics_metadata_template.json#/basic_identity/data_accession
common.germplasm_type,common,string,D,N,,active,provisional,omics_v2,3.1.0,研究内容1、通用字段,entity_attribute,"topic2,topic3,derivation",,"topic2,topic3,derivation",topic2:memory;topic3:interface;derivation:kg+rdb+qa,,,种质材料类型原文,材料与方法,,,AMB-026,sources/omics_v2/omics_metadata_template.json#/species_and_material/germplasm_type
common.germplasm_accessions,common,array_string,D,N,,active,provisional,omics_v2+legacy_v1,3.1.0,研究内容1、通用字段,entity_id,"topic2,topic3,derivation",,"topic2,topic3,derivation",topic2:memory;topic3:interface;derivation:kg+rdb+triple,,,种质库登记号原文,材料与方法或补充表,,,AMB-026,sources/omics_v2/omics_metadata_template.json#/species_and_material/accession_id
common.population_id,common,string,N,N,,active,provisional,omics_v2+legacy_v1,3.1.0,研究内容1、通用字段,entity_id,"topic2,topic3,derivation",,"topic2,topic3,derivation",topic2:memory;topic3:interface;derivation:kg+rdb+triple,,,群体稳定ID，区别于可能重名的群体名称,群体登记,,,AMB-026,sources/omics_v2/omics_metadata_template.json#/species_and_material/population_id
common.population_size,common,integer,D,N,,active,provisional,omics_v2+legacy_v1,3.1.0,研究内容2、通用字段,condition,"topic2,topic3,derivation",,"topic2,topic3,derivation",topic2:reasoning+planning;topic3:interface;derivation:kg+triple+qa,,,群体规模（株系或个体数）,材料与方法,,minimum=1,AMB-026,sources/omics_v2/omics_metadata_template.json#/species_and_material/population_size
common.sample_name,common,string,D,N,,active,provisional,omics_v2,3.1.0,研究内容1、通用字段,entity_mention,"topic2,derivation",,"topic2,derivation",topic2:reasoning+memory;derivation:kg+rdb+triple+qa,,,样本名称原文,材料与方法或样本表,,,AMB-026,sources/omics_v2/omics_metadata_template.json#/sample/sample_name
common.sample_type,common,string,D,N,,active,provisional,omics_v2,3.1.0,研究内容2、通用字段,condition,"topic2,topic3,derivation",,"topic2,topic3,derivation",topic2:reasoning+planning;topic3:interface;derivation:kg+triple+qa,,,样本类型原文,材料与方法或样本表,,,AMB-026,sources/omics_v2/omics_metadata_template.json#/sample/sample_type
common.batch_id,common,string,D,N,,active,provisional,omics_v2,3.1.0,研究内容1、通用字段,context_key,"topic2,topic3",,"topic2,topic3",topic2:memory+planning;topic3:interface+orchestration,,,测定或测序批次编号原文,方法或样本表,,,AMB-026,sources/omics_v2/omics_metadata_template.json#/sample/batch_id
common.sex,common,string,D,N,,active,provisional,omics_v2,3.1.0,研究内容2、通用字段,condition,"topic2,topic3,derivation",,"topic2,topic3,derivation",topic2:reasoning+planning;topic3:interface;derivation:kg+triple+qa,,,样本性别原文（动物或雌雄异株植物）,材料与方法,,,AMB-026,sources/omics_v2/omics_metadata_template.json#/sample/sex
common.organ,common,string,D,N,,active,provisional,omics_v2+legacy_v1,3.1.0,研究内容2、通用字段,condition,"topic2,topic3,derivation",,"topic2,topic3,derivation",topic2:reasoning+planning;topic3:interface;derivation:kg+triple+qa,,,取样器官原文,材料与方法,,,AMB-026,sources/omics_v2/omics_metadata_template.json#/tissue_and_development/organ
common.tissue,common,string,D,N,,active,provisional,omics_v2,3.1.0,研究内容2、通用字段,condition,"topic2,topic3,derivation",,"topic2,topic3,derivation",topic2:reasoning+planning;topic3:interface;derivation:kg+triple+qa,,,取样组织原文,材料与方法,,,AMB-026,sources/omics_v2/omics_metadata_template.json#/tissue_and_development/tissue
common.sampling_time_relative,common,string,D,N,,active,provisional,omics_v2,3.1.0,研究内容2、通用字段,condition,"topic2,topic3,derivation",,"topic2,topic3,derivation",topic2:reasoning+planning;topic3:interface;derivation:kg+triple+qa,,,相对采样时间原文，如处理后 6 h,材料与方法,,,AMB-026,sources/omics_v2/omics_metadata_template.json#/tissue_and_development/sampling_time_relative
common.treatment_type,common,string,D,N,,active,provisional,omics_v2,3.1.0,研究内容2、通用字段,condition,"topic2,topic3,derivation",,"topic2,topic3,derivation",topic2:reasoning+planning;topic3:interface;derivation:kg+triple+qa,,,处理类型原文,材料与方法,,,"AMB-026,AMB-027",sources/omics_v2/omics_metadata_template.json#/treatment_and_environment/treatment_type
common.treatment_dose,common,string,D,N,,active,provisional,omics_v2,3.1.0,研究内容2、通用字段,condition,"topic2,topic3,derivation",,"topic2,topic3,derivation",topic2:reasoning+planning;topic3:interface;derivation:kg+triple+qa,,,处理剂量或强度原文,材料与方法,,,"AMB-026,AMB-027",sources/omics_v2/omics_metadata_template.json#/treatment_and_environment/treatment_dose
common.treatment_duration,common,string,D,N,,active,provisional,omics_v2,3.1.0,研究内容2、通用字段,condition,"topic2,topic3,derivation",,"topic2,topic3,derivation",topic2:reasoning+planning;topic3:interface;derivation:kg+triple+qa,,,处理持续时间原文,材料与方法,,,"AMB-026,AMB-027",sources/omics_v2/omics_metadata_template.json#/treatment_and_environment/treatment_duration
common.genome_annotation_version,common,string,D,N,,active,provisional,omics_v2,3.1.0,研究内容1、通用字段,reference_frame,"topic3,derivation,iteration",,"topic3,derivation,iteration",topic3:interface;derivation:kg+rdb;iteration:standard+ontology+fusion,,,基因组注释版本原文,方法,,,AMB-026,sources/omics_v2/omics_metadata_template.json#/reference_system/annotation_version
common.gene_id_system,common,string,D,N,,active,provisional,omics_v2,3.1.0,研究内容1、通用字段,reference_frame,"topic3,derivation,iteration",,"topic3,derivation,iteration",topic3:interface;derivation:kg+rdb;iteration:standard+ontology+fusion,,,基因ID体系原文，如 RAP-DB 或 MSU,方法,,,AMB-026,sources/omics_v2/omics_metadata_template.json#/reference_system/gene_id_system
common.coordinate_system,common,string,D,N,,active,provisional,omics_v2,3.1.0,研究内容1、通用字段,reference_frame,"topic3,derivation,iteration",,"topic3,derivation,iteration",topic3:interface;derivation:kg+rdb;iteration:standard+ontology+fusion,,,基因组坐标体系原文，如 0-based 或 1-based,方法,,,AMB-026,sources/omics_v2/omics_metadata_template.json#/reference_system/coordinate_system
common.trait_category,common,string,I,N,trait_category,active,provisional,legacy_v1+omics_v2,3.1.0,研究内容1、通用字段,entity_attribute,"topic2,topic3,derivation",,"topic2,topic3,derivation",topic2:memory;topic3:interface;derivation:kg+rdb+qa,,,性状大类,性状分类表,,,AMB-026,sources/legacy_v1/breeding_jsonl_spec.md#L119
common.variant_type,common,string,D,N,,active,provisional,omics_v2+legacy_v1,3.1.0,研究内容1、通用字段,entity_attribute,"topic2,topic3,derivation",,"topic2,topic3,derivation",topic2:memory;topic3:interface;derivation:kg+rdb+qa,,,变异类型原文，如 SNP、InDel、SV,结果或变异表,,,AMB-026,sources/omics_v2/omics_metadata_template.json#/genomics_specific/variant_type
common.variant_position_bp,common,integer,D,N,,active,provisional,omics_v2+legacy_v1,3.1.0,研究内容1、通用字段,entity_attribute,"topic2,topic3,derivation",,"topic2,topic3,derivation",topic2:memory;topic3:interface;derivation:kg+rdb+qa,,,单个变异的物理位置 bp；须结合组装版本使用,结果或变异表,,minimum=1,AMB-026,sources/omics_v2/omics_metadata_template.json#/genomics_specific/position
common.effect_allele,common,string,D,N,,active,provisional,omics_v2,3.1.0,研究内容1、通用字段,entity_attribute,"topic2,topic3,derivation",,"topic2,topic3,derivation",topic2:memory;topic3:interface;derivation:kg+rdb+qa,,,效应等位基因,结果表,,,AMB-026,sources/omics_v2/omics_metadata_template.json#/genomics_specific/effect_allele
common.allele_frequency,common,number,D,N,,active,provisional,omics_v2,3.1.0,研究内容2、通用字段,measurement,"topic2,topic3",,"topic2,topic3",topic2:reasoning+execution;topic3:interface+output,,,等位基因频率（0–1）,结果表,,minimum=0;maximum=1,AMB-026,sources/omics_v2/omics_metadata_template.json#/genomics_specific/allele_frequency
common.minor_allele_frequency,common,number,D,N,,active,provisional,omics_v2+legacy_v1,3.1.0,研究内容2、通用字段,measurement,"topic2,topic3",,"topic2,topic3",topic2:reasoning+execution;topic3:interface+output,,,最小等位基因频率（0–0.5）,结果表或过滤条件,,minimum=0;maximum=0.5,AMB-026,sources/omics_v2/omics_metadata_template.json#/genomics_specific/minor_allele_frequency
common.haplotype_id,common,string,D,N,,active,provisional,omics_v2,3.1.0,研究内容1、通用字段,entity_id,"topic2,topic3,derivation",,"topic2,topic3,derivation",topic2:memory;topic3:interface;derivation:kg+rdb+triple,,,单倍型编号原文,结果或单倍型表,,,AMB-026,sources/omics_v2/omics_metadata_template.json#/genomics_specific/haplotype_id
common.extraction_profile,common,string,N,N,,active,provisional,repository,3.2.0,迭代优化、通用字段,lifecycle,iteration,,iteration,iteration:standard+quality+fusion+traceability,,,产生本记录的抽取画像名称；与 schema_version 一起说明抽取时哪些字段曾被要求填写，用于区分“未被要求抽取”与“未找到”,抽取管线（系统填写）,,,AMB-032,docs/field_functions.md
common.replaces_record_ids,common,array_string,N,N,,active,provisional,repository,3.2.0,研究内容1、迭代优化,record_link,"derivation,iteration",,"derivation,iteration",derivation:kg+rdb+triple+qa;iteration:fusion+traceability,,,本记录取代的旧记录 record_id（重新抽取、纠错或合并使锚点变化时填写）；动态更新时据此迁移图谱、问答和关系库中的引用，旧记录不删除,知识库更新日志,,,AMB-036,sources/project/research_contents.md#L3
common.conflict_resolution_status,common,string,I,N,conflict_resolution_status,active,provisional,repository,3.2.0,研究内容1、迭代优化,appraisal,"topic2,derivation,iteration",,"topic2,derivation,iteration",topic2:reasoning;derivation:kg+qa;iteration:quality+fusion,,evaluation,与 common.conflict_record_ids 所列记录的冲突消解结果：未消解、条件不同均成立、保留本记录或本记录被取代,知识融合复核,,,AMB-036,sources/project/research_contents.md#L3
common.record_updated_at,common,string,N,N,,active,provisional,repository,3.2.0,研究内容1、迭代优化,lifecycle,iteration,,iteration,iteration:standard+quality+fusion+traceability,,,本版本记录（record_version）生成或修订的 ISO 8601 UTC 时间；与首次入库时间 common.ingested_at 分开,知识库更新日志,,pattern=^\d{4}-\d{2}-\d{2}T\d{2}:\d{2}:\d{2}(\.\d+)?Z$,AMB-036,sources/project/research_contents.md#L3
common.biological_replicate_id,common,string,D,N,,active,provisional,merged_v2,3.3.0,研究内容2、通用字段,condition,"topic2,topic3,derivation,iteration","topic2,topic3","derivation,iteration",topic2:reasoning+planning;topic3:interface;derivation:kg+triple+qa;iteration:ontology,,,生物学重复编号原文，标识独立生物材料或样本的重复；与技术重复分开，不从未分类的 replicate_id 推断,论文样本描述或来源样本元数据,课题二课题三,,AMB-037,sources/merged_v2/breeding_jsonl_schema_v2.json#/$defs/omics_sample/properties/biological_replicate
common.technical_replicate_id,common,string,D,N,,active,provisional,merged_v2,3.3.0,研究内容2、通用字段,condition,"topic2,topic3,derivation,iteration","topic2,topic3","derivation,iteration",topic2:reasoning+planning;topic3:interface;derivation:kg+triple+qa;iteration:ontology,,,技术重复编号原文，标识同一生物样本的重复测定；与生物学重复分开，不作为独立生物样本计数,论文样本描述或来源样本元数据,课题二课题三,,AMB-037,sources/merged_v2/breeding_jsonl_schema_v2.json#/$defs/omics_sample/properties/technical_replicate
common.sampling_time,common,string,D,N,,active,provisional,merged_v2,3.3.0,研究内容2、通用字段,condition,"topic2,topic3,derivation,iteration","topic2,topic3","derivation,iteration",topic2:reasoning+planning;topic3:interface;derivation:kg+triple+qa;iteration:ontology,,,样本采集时间原文；与测量发生时间 observation_time、相对采样时间 sampling_time_relative 及入库时间分开，不补齐原文未给出的日期或时区,论文样本描述或来源样本元数据,课题二课题三,,AMB-037,sources/merged_v2/breeding_jsonl_schema_v2.json#/$defs/omics_sample/properties/sampling_time
common.source_part,common,string,N,N,source_part,active,provisional,repository,3.5.0,研究内容1、通用字段,evidence_locator,"derivation,iteration",,"derivation,iteration",derivation:kg+qa+corpus;iteration:quality+traceability,,,证据或资产所在的来源组成部分：正文、补充材料、附录或其他；同一 source_id 的各部分以本字段区分，source_page 为该部分文件内的物理页码；资产清单记录以本字段说明该文件是来源的哪一部分,抽取管线（按输入文件确定）,,,AMB-041,docs/downstream.md
common.verification_run_id,common,string,N,N,,active,provisional,repository,3.5.0,研究内容1、迭代优化,lifecycle,iteration,,iteration,iteration:standard+quality+fusion+traceability,,evaluation,对本记录做语义复核（字段取值是否为引文所支持、记录间链接是否成立）的独立复核运行 ID；复核结论体现在 review_status 与 qc_failure_codes，明细见复核报告；未经复核则省略,复核运行（bdc verify）,,,AMB-040,docs/review.md
agent.scientific_question,agent,string,I,N,,active,verified,fields_v3,3.0.0,研究内容2,assertion,topic2,topic2,,topic2:reasoning+memory,hypothesis,,论文要回答的可检验科学问题,引言与研究目的,假设生成,,,sources/fields_v3/breeding_fields_259_final.md#L134
agent.finding_text,agent,string,D,N,,active,verified,fields_v3,3.0.0,研究内容2,assertion,"topic2,derivation",topic2,derivation,topic2:reasoning+memory;derivation:kg+qa+corpus,result_analysis,claim,单一结果的独立陈述,摘要或结果,知识状态,,AMB-014,sources/fields_v3/breeding_fields_259_final.md#L135
agent.finding_kind,agent,string,I,N,finding_kind,active,verified,fields_v3,3.0.0,研究内容2,appraisal,topic2,topic2,,topic2:reasoning,result_analysis,qualifier,关联、预测、功能验证或机制发现,结果证据类型,因果约束,,AMB-010,sources/fields_v3/breeding_fields_259_final.md#L136
agent.evidence_type,agent,string,I,N,evidence_type,active,verified,fields_v3,3.0.0,研究内容2,appraisal,topic2,topic2,,topic2:reasoning,result_analysis,warrant,QTL、GWAS、基因编辑等证据类型,实验与统计方法,证据评价,,,sources/fields_v3/breeding_fields_259_final.md#L137
agent.evidence_strength,agent,string,I,N,,active,verified,fields_v3,3.0.0,研究内容2,appraisal,topic2,topic2,,topic2:reasoning,result_analysis,qualifier,按预定义规则评估的证据级别,统计及验证结果,证据评价,,,sources/fields_v3/breeding_fields_259_final.md#L138
agent.supporting_evidence,agent,array_evidence,D,N,,active,verified,fields_v3,3.0.0,研究内容1、研究内容2,record_link,"topic2,derivation",topic2,derivation,topic2:reasoning+memory;derivation:kg+rdb+triple+qa,result_analysis,data,支持当前结论的原文证据及定位,结果及表图,推理,,AMB-004,sources/fields_v3/breeding_fields_259_final.md#L139
agent.contradictory_evidence,agent,array_evidence,I,N,,active,verified,fields_v3,3.0.0,研究内容1、研究内容2,record_link,"topic2,derivation",topic2,derivation,topic2:reasoning+memory;derivation:kg+rdb+triple+qa,hypothesis,rebuttal,反例和冲突证据及定位,论文讨论或其他来源,竞争假设,,AMB-004,sources/fields_v3/breeding_fields_259_final.md#L140
agent.hypothesis_stated,agent,string,D,N,,active,verified,fields_v3,3.0.0,研究内容2,assertion,topic2,topic2,,topic2:reasoning+memory,hypothesis,claim,作者明确提出的假设；未提出则不填写,引言或实验目的,假设卡,,,sources/fields_v3/breeding_fields_259_final.md#L141
agent.candidate_mechanism,agent,string,D,N,,active,verified,fields_v3,3.0.0,研究内容2,assertion,topic2,topic2,,topic2:reasoning+memory,hypothesis,claim,论文提出或验证的生物学机制,结果或讨论,因果推理,,,sources/fields_v3/breeding_fields_259_final.md#L142
agent.mechanism_entities,agent,array_string,D,N,,active,verified,fields_v3,3.0.0,研究内容1、通用字段,entity_mention,"topic2,derivation",topic2,derivation,topic2:reasoning+memory;derivation:kg+rdb+triple+qa,hypothesis,,机制路径中涉及的基因、通路等,结果或讨论,因果推理,,,sources/fields_v3/breeding_fields_259_final.md#L143
agent.causal_direction,agent,string,I,N,,active,verified,fields_v3,3.0.0,研究内容2,appraisal,topic2,topic2,,topic2:reasoning,hypothesis,,证据支持的作用方向,功能验证结果,因果推理,,,sources/fields_v3/breeding_fields_259_final.md#L144
agent.association_vs_causation,agent,string,I,N,,active,verified,fields_v3,3.0.0,研究内容2,appraisal,topic2,topic2,,topic2:reasoning,result_analysis,qualifier,明确区分统计关联与因果验证,研究设计,因果约束,,AMB-024,sources/fields_v3/breeding_fields_259_final.md#L145
agent.assumption_conditions,agent,array_string,I,N,,active,verified,fields_v3,3.0.0,研究内容2,appraisal,topic2,topic2,,topic2:reasoning,hypothesis,warrant,结论成立所需的实验前提,方法与讨论,状态机,,,sources/fields_v3/breeding_fields_259_final.md#L146
agent.applicable_population,agent,string,D,N,,active,verified,fields_v3,3.0.0,研究内容2,condition,"topic2,derivation",topic2,derivation,topic2:reasoning+planning;derivation:kg+triple+qa,experiment_design,qualifier,结论适用的材料或群体,材料与讨论,任务规划,,,sources/fields_v3/breeding_fields_259_final.md#L147
agent.applicable_environment,agent,string,D,N,,active,verified,fields_v3,3.0.0,研究内容2,condition,"topic2,derivation",topic2,derivation,topic2:reasoning+planning;derivation:kg+triple+qa,experiment_design,qualifier,结论适用的环境边界,材料与讨论,任务规划,,,sources/fields_v3/breeding_fields_259_final.md#L148
agent.expected_observation,agent,string,D,N,,active,verified,fields_v3,3.0.0,研究内容2,assertion,topic2,topic2,,topic2:reasoning+memory,experiment_design,,作者事先设定的预期观测,研究假设与方法,实验设计卡,,,sources/fields_v3/breeding_fields_259_final.md#L149
agent.actual_observation,agent,string,D,N,,active,verified,fields_v3,3.0.0,研究内容2,assertion,topic2,topic2,,topic2:reasoning+memory,result_analysis,data,论文实际观测结果,结果,结果分析卡,,,sources/fields_v3/breeding_fields_259_final.md#L150
agent.alternative_explanations,agent,array_string,D,N,,active,verified,fields_v3,3.0.0,研究内容2,assertion,topic2,topic2,,topic2:reasoning+memory,hypothesis,rebuttal,作者讨论的替代解释,讨论,竞争假设,,,sources/fields_v3/breeding_fields_259_final.md#L151
agent.uncertainty_note,agent,string,I,N,,active,verified,fields_v3,3.0.0,研究内容2,appraisal,topic2,topic2,,topic2:reasoning,result_analysis,qualifier,证据不确定性及适用限制,讨论或统计结果,决策校验,,,sources/fields_v3/breeding_fields_259_final.md#L152
agent.falsification_test,agent,string,I,N,,active,verified,fields_v3,3.0.0,研究内容2,appraisal,topic2,topic2,,topic2:reasoning,hypothesis,rebuttal,可反驳命题的对照或追加试验,实验设计或讨论,假设卡,,,sources/fields_v3/breeding_fields_259_final.md#L153
agent.experiment_objective,agent,string,D,N,,active,verified,fields_v3,3.0.0,研究内容2,study_design,topic2,topic2,,topic2:planning,experiment_design,,此实验要验证的目标,实验目的,实验设计卡,,,sources/fields_v3/breeding_fields_259_final.md#L154
agent.experiment_design,agent,string,D,N,,active,verified,fields_v3,3.0.0,研究内容2,study_design,topic2,topic2,,topic2:planning,experiment_design,,随机化、区组、多点等设计,材料与方法,实验设计卡,,,sources/fields_v3/breeding_fields_259_final.md#L155
agent.experimental_materials,agent,array_string,D,N,,active,verified,fields_v3,3.0.0,研究内容2、通用字段,study_design,topic2,topic2,,topic2:planning,experiment_design,,实验使用的材料列表,材料与方法,实验设计卡,,,sources/fields_v3/breeding_fields_259_final.md#L156
agent.treatment_groups,agent,array_string,D,N,,active,verified,fields_v3,3.0.0,研究内容2,study_design,topic2,topic2,,topic2:planning,experiment_design,,处理组及条件,材料与方法,实验设计卡,,,sources/fields_v3/breeding_fields_259_final.md#L157
agent.control_groups,agent,array_string,D,N,,active,verified,fields_v3,3.0.0,研究内容2,study_design,topic2,topic2,,topic2:planning,experiment_design,,对照组及条件,材料与方法,实验设计卡,,,sources/fields_v3/breeding_fields_259_final.md#L158
agent.replicate_count,agent,integer,D,N,,active,verified,fields_v3,3.0.0,研究内容2,study_design,topic2,topic2,,topic2:planning,experiment_design,,生物或技术重复数,材料与方法,实验设计卡,minimum=0,,sources/fields_v3/breeding_fields_259_final.md#L159
agent.observation_indicators,agent,array_string,D,N,,active,verified,fields_v3,3.0.0,研究内容2,study_design,topic2,topic2,,topic2:planning,experiment_design,,用于判断假设的测量指标,材料与方法,实验设计卡,,,sources/fields_v3/breeding_fields_259_final.md#L160
agent.workflow_steps,agent,array_step,D,N,,active,verified,fields_v3,3.0.0,研究内容2,study_design,topic2,topic2,,topic2:planning,experiment_design,,论文可复原的实验与分析步骤,材料与方法,任务规划,,AMB-005,sources/fields_v3/breeding_fields_259_final.md#L161
agent.workflow_dependencies,agent,array_string,I,N,,active,verified,fields_v3,3.0.0,研究内容2,study_design,topic2,topic2,,topic2:planning,experiment_design,,步骤ID之间的前置依赖边,方法顺序,任务规划,,,sources/fields_v3/breeding_fields_259_final.md#L162
agent.result_interpretation,agent,string,D,N,,active,verified,fields_v3,3.0.0,研究内容2,assertion,topic2,topic2,,topic2:reasoning+memory,result_analysis,claim,作者对观测的解释,结果与讨论,结果分析卡,,,sources/fields_v3/breeding_fields_259_final.md#L163
agent.breeding_relevance,agent,string,D,N,,active,verified,fields_v3,3.0.0,研究内容2,assertion,topic2,topic2,,topic2:reasoning+memory,result_analysis,claim,结果对选材、组配或育种的意义,讨论或结论,育种决策,,,sources/fields_v3/breeding_fields_259_final.md#L164
agent.followup_experiment,agent,string,D,N,,active,verified,fields_v3,3.0.0,研究内容2,assertion,topic2,topic2,,topic2:reasoning+memory,experiment_design,,作者提出的下一步验证工作,讨论,后续规划,,,sources/fields_v3/breeding_fields_259_final.md#L165
agent.knowledge_gap,agent,string,D,N,,active,verified,fields_v3,3.0.0,研究内容2,assertion,topic2,topic2,,topic2:reasoning+memory,hypothesis,,论文指出但尚未解决的问题,引言或讨论,科学发现,,,sources/fields_v3/breeding_fields_259_final.md#L166
agent.task_tags,agent,array_string,I,N,,active,verified,fields_v3,3.0.0,研究内容2,appraisal,topic2,topic2,,topic2:reasoning,,,假设生成、材料评价等任务标签,全文语义标注,智能体检索,,,sources/fields_v3/breeding_fields_259_final.md#L167
agent.hypothesis_origin,agent,string,I,N,hypothesis_origin,active,verified,fields_v3,3.0.0,研究内容2,appraisal,topic2,topic2,,topic2:reasoning,hypothesis,qualifier,作者明确提出或由抽取者从实验设计归纳；不得混同,引言、摘要与抽取审计,假设卡,,AMB-010,sources/fields_v3/breeding_fields_259_final.md#L168
agent.candidate_gene_status,agent,string,I,N,candidate_gene_status,active,verified,fields_v3,3.0.0,研究内容2,appraisal,topic2,topic2,,topic2:reasoning,result_analysis,qualifier,候选基因的证据层级，区分定位、表达支持与功能验证,定位、表达及功能实验,因果约束,,,sources/fields_v3/breeding_fields_259_final.md#L169
agent.statistical_test,agent,string,D,N,,active,verified,fields_v3,3.0.0,研究内容2、通用字段,method_spec,topic2,topic2,,topic2:planning+execution,result_analysis,warrant,支持该结果的统计检验或模型名称,方法或结果表,证据评价,,,sources/fields_v3/breeding_fields_259_final.md#L170
agent.lod_score,agent,number,D,N,,active,verified,fields_v3,3.0.0,研究内容2、通用字段,statistic,topic2,topic2,,topic2:reasoning+execution,result_analysis,data,与本行性状、环境及QTL匹配的LOD值,QTL结果表,证据评价,,,sources/fields_v3/breeding_fields_259_final.md#L171
agent.pve_percent,agent,number,D,N,,active,verified,fields_v3,3.0.0,研究内容2、通用字段,statistic,topic2,topic2,,topic2:reasoning+execution,result_analysis,data,与本行性状、环境及QTL匹配的表型变异解释率百分数,QTL结果表,证据评价,minimum=0;maximum=100,,sources/fields_v3/breeding_fields_259_final.md#L172
agent.effect_estimate,agent,number,D,N,,active,verified,fields_v3,3.0.0,研究内容2、通用字段,statistic,topic2,topic2,,topic2:reasoning+execution,result_analysis,data,与本行条件匹配的效应估计原始数值,结果表格,证据评价,,,sources/fields_v3/breeding_fields_259_final.md#L173
agent.effect_unit,agent,string,D,N,,active,verified,fields_v3,3.0.0,研究内容2、通用字段,statistic,topic2,topic2,,topic2:reasoning+execution,result_analysis,,效应估计的原文单位或尺度,结果表格,证据评价,,,sources/fields_v3/breeding_fields_259_final.md#L174
agent.environment_stability,agent,string,D,N,,active,verified,fields_v3,3.0.0,研究内容2,assertion,topic2,topic2,,topic2:reasoning+memory,result_analysis,backing,同一位点跨环境重复检出的原文范围或稳定性结论,多环境结果,任务规划,,,sources/fields_v3/breeding_fields_259_final.md#L175
agent.validation_methods,agent,array_string,D,N,,active,verified,fields_v3,3.0.0,研究内容2、通用字段,method_spec,topic2,topic2,,topic2:planning+execution,result_analysis,backing,对定位或候选基因的独立验证方式如qRT-PCR或转基因,结果与材料方法,假设评价,,,sources/fields_v3/breeding_fields_259_final.md#L176
agent.claim_id,agent,string,N,N,,active,verified,fields_v3,3.0.0,研究内容1、研究内容2,record_link,"topic2,derivation","topic2,derivation",,topic2:reasoning+memory;derivation:kg+rdb+triple+qa,,,同一科学断言跨论文证据聚合的稳定ID，不能代替record_id,科学断言规范化,课题二图谱,,,sources/fields_v3/breeding_fields_259_final.md#L177
agent.evidence_record_ids,agent,array_string,N,N,,active,verified,fields_v3,3.0.0,研究内容1、研究内容2,record_link,"topic2,derivation",topic2,derivation,topic2:reasoning+memory;derivation:kg+rdb+triple+qa,result_analysis,data,支撑本断言的原子记录ID，用于检查证据链是否闭合,支撑观测与论文证据,推理与状态机,,,sources/fields_v3/breeding_fields_259_final.md#L178
agent.external_validity_scope,agent,string,I,N,,active,verified,fields_v3,3.0.0,研究内容2,appraisal,topic2,topic2,,topic2:reasoning,result_analysis,qualifier,对其他材料或环境外推的边界及其依据,群体、地点和处理对照,假设评价,,,sources/fields_v3/breeding_fields_259_final.md#L179
agent.effect_type,agent,string,D,N,,active,provisional,legacy_v1,3.1.0,研究内容2、通用字段,statistic,topic2,,topic2,topic2:reasoning+execution,result_analysis,,效应估计的类型原文，如加性效应、显性效应,定位结果或表格,,,,sources/legacy_v1/breeding_jsonl_spec.md#L214
agent.contrast,agent,string,D,N,,active,provisional,omics_v2,3.1.0,研究内容2,study_design,topic2,,topic2,topic2:planning,experiment_design,,比较组设置原文，如处理与对照,方法或结果表,,,AMB-026,sources/omics_v2/omics_metadata_template.json#/statistical_results/contrast
agent.effect_direction,agent,string,D,N,,active,provisional,omics_v2,3.1.0,研究内容2、通用字段,statistic,topic2,,topic2,topic2:reasoning+execution,result_analysis,,效应方向原文，如上调、下调、增加,结果,,,"AMB-026,AMB-027",sources/omics_v2/omics_metadata_template.json#/statistical_results/effect_direction
agent.standard_error,agent,number,D,N,,active,provisional,omics_v2,3.1.0,研究内容2、通用字段,statistic,topic2,,topic2,topic2:reasoning+execution,result_analysis,data,效应估计的标准误,结果表,,minimum=0,AMB-026,sources/omics_v2/omics_metadata_template.json#/statistical_results/standard_error
agent.p_value,agent,number,D,N,,active,provisional,omics_v2+legacy_v1,3.1.0,研究内容2、通用字段,statistic,topic2,,topic2,topic2:reasoning+execution,result_analysis,data,显著性检验 P 值,结果表,,minimum=0;maximum=1,AMB-026,sources/omics_v2/omics_metadata_template.json#/statistical_results/p_value
agent.q_value,agent,number,D,N,,active,provisional,omics_v2,3.1.0,研究内容2、通用字段,statistic,topic2,,topic2,topic2:reasoning+execution,result_analysis,data,多重检验校正后的 q 值或 FDR,结果表,,minimum=0;maximum=1,AMB-026,sources/omics_v2/omics_metadata_template.json#/statistical_results/q_value
agent.confidence_interval,agent,string,D,N,,active,provisional,omics_v2,3.1.0,研究内容2、通用字段,statistic,topic2,,topic2,topic2:reasoning+execution,result_analysis,data,置信区间原文,结果表,,,AMB-026,sources/omics_v2/omics_metadata_template.json#/statistical_results/confidence_interval
agent.replication_status,agent,string,I,N,,active,provisional,omics_v2,3.1.0,研究内容2,appraisal,topic2,,topic2,topic2:reasoning,result_analysis,backing,结果在独立群体、环境或研究中的重复验证状态,结果与讨论,,,"AMB-026,AMB-027",sources/omics_v2/omics_metadata_template.json#/evidence/replication_status
agent.candidate_gene_window,agent,string,D,N,,active,provisional,omics_v2,3.1.0,研究内容2、通用字段,method_spec,topic2,,topic2,topic2:planning+execution,,,候选基因搜索窗口原文，如峰值标记上下游 100 kb,方法,,,AMB-026,sources/omics_v2/omics_metadata_template.json#/qtl_gwas_specific/candidate_gene_window
agent.claim_qualifier_text,agent,string,D,N,,active,provisional,repository,3.2.0,研究内容2,assertion,"topic2,derivation",,"topic2,derivation",topic2:reasoning+memory;derivation:kg+qa+corpus,result_analysis,qualifier,作者为该结论附加的限定或不确定性措辞原文，如 may、suggesting a possible、requires validation、可能、推测；逐字摘自证据引文，没有限定措辞则省略,结论原文,,,"AMB-033,AMB-035",docs/field_functions.md
agent.stated_limitations,agent,array_string,D,N,,active,provisional,repository,3.2.0,研究内容2,assertion,topic2,,topic2,topic2:reasoning+memory,result_analysis,rebuttal,作者明确陈述的本结论的局限、例外或不成立条件原文；抽取者自己的判断写入 agent.uncertainty_note（I），不写入本字段,结果与讨论,,,AMB-033,docs/field_functions.md
agent.statement_role,agent,string,D,N,statement_role,active,provisional,repository,3.5.0,研究内容2,study_design,"topic2,topic3,derivation",,"topic2,topic3,derivation",topic2:planning;topic3:cards+orchestration;derivation:rdb+qa,,,本陈述在论文研究流程中的角色：研究背景、科学问题、研究目标、假设、实验设计、结果或结论；按原文的表述方式和所在位置判定（如 we hypothesized、to test whether、these results indicate），原文未表明则省略；抽取者自行归纳的假设不得填入,摘要、引言、结果与讨论中的陈述,,,AMB-039,docs/workflow.md
agent.step_condition,agent,string,D,N,,active,provisional,repository,3.5.0,研究内容2,study_design,"topic2,topic3",,"topic2,topic3",topic2:planning;topic3:cards+orchestration,experiment_design,,原文陈述的本步骤的前提或分支条件原文，如“仅对存活株系继续回交”；逐字摘自证据引文，没有则省略,方法与结果原文,,,AMB-039,docs/workflow.md
agent.tests_record_ids,agent,array_string,N,N,,active,provisional,repository,3.5.0,研究内容1、研究内容2,record_link,"topic2,derivation",,"topic2,derivation",topic2:reasoning+memory;derivation:kg+rdb+triple+qa,experiment_design,,本实验步骤、观测或结果所检验的假设、科学问题或研究目标记录的 record_id，由抽取管线按候选引用解析；只在原文表明该实验为检验它而做时填写，不表示检验结果是支持还是否定,同一来源的假设、问题或目标记录,,,AMB-039,docs/workflow.md
agent.addresses_record_ids,agent,array_string,N,N,,active,provisional,repository,3.5.0,研究内容1、研究内容2,record_link,"topic2,derivation",,"topic2,derivation",topic2:reasoning+memory;derivation:kg+rdb+triple+qa,hypothesis,,本假设、研究目标或结论所回应的研究背景、科学问题、研究目标或假设记录的 record_id，由抽取管线按候选引用解析；连接背景、问题、假设与结论,同一来源的背景、问题、目标或假设记录,,,AMB-039,docs/workflow.md
agent.prerequisite_record_ids,agent,array_string,N,N,,active,provisional,repository,3.5.0,研究内容1、研究内容2,record_link,"topic2,topic3,derivation",,"topic2,topic3,derivation",topic2:reasoning+memory;topic3:orchestration;derivation:kg+rdb+triple+qa,experiment_design,,本步骤以其产出（材料、数据或结果）为输入的前置记录的 record_id，由抽取管线按候选引用解析；构成实验与分析步骤之间的依赖边，同一前置被多个步骤引用即为分支,同一来源的方法、观测或结果记录,,,AMB-039,docs/workflow.md
skills.analysis_task,skills,string,I,N,,active,verified,fields_v3,3.0.0,研究内容2、通用字段,method_spec,topic3,topic3,,topic3:interface+registry,,,技能所解决的分析任务,方法标题,工具选择,,,sources/fields_v3/breeding_fields_259_final.md#L180
skills.method_category,skills,string,N,N,method_category,active,verified,fields_v3,3.0.0,研究内容2、通用字段,method_spec,topic3,topic3,,topic3:interface+registry,,,GWAS、基因组预测、QTL定位等类别,方法分类表,技能注册,,,sources/fields_v3/breeding_fields_259_final.md#L181
skills.method_name,skills,string,D,N,,active,verified,fields_v3,3.0.0,研究内容2、通用字段,method_spec,topic3,topic3,,topic3:interface+registry,,,论文方法名称原文,材料与方法,技能注册,,,sources/fields_v3/breeding_fields_259_final.md#L182
skills.algorithm_name,skills,string,D,N,,active,verified,fields_v3,3.0.0,研究内容2、通用字段,method_spec,topic3,topic3,,topic3:interface+registry,,,实际使用的算法名称,材料与方法,技能选择,,,sources/fields_v3/breeding_fields_259_final.md#L183
skills.software_name,skills,string,D,N,,active,verified,fields_v3,3.0.0,研究内容2、通用字段,method_spec,topic3,topic3,,topic3:interface+registry,,,软件或R包名称,材料与方法,技能适配,,,sources/fields_v3/breeding_fields_259_final.md#L184
skills.software_version,skills,string,D,N,,active,verified,fields_v3,3.0.0,研究内容2、通用字段,method_spec,topic3,topic3,,topic3:interface+registry,,,软件版本；未报告则省略,材料与方法,可重复性,,,sources/fields_v3/breeding_fields_259_final.md#L185
skills.input_modalities,skills,array_string,D,N,,active,verified,fields_v3,3.0.0,研究内容2、通用字段,interface_spec,topic3,topic3,,topic3:interface+orchestration+output+registry,,,基因型、表型、环境等输入模态,材料与方法,输入校验,,,sources/fields_v3/breeding_fields_259_final.md#L186
skills.genotype_data_format,skills,string,D,N,,active,verified,fields_v3,3.0.0,研究内容2、通用字段,interface_spec,topic3,topic3,,topic3:interface+orchestration+output+registry,,,基因型文件格式；文献未报则省略,方法或未来工具文档,输入校验,,,sources/fields_v3/breeding_fields_259_final.md#L187
skills.phenotype_data_format,skills,string,D,N,,active,verified,fields_v3,3.0.0,研究内容2、通用字段,interface_spec,topic3,topic3,,topic3:interface+orchestration+output+registry,,,表型文件格式；文献未报则省略,方法或未来工具文档,输入校验,,,sources/fields_v3/breeding_fields_259_final.md#L188
skills.environment_data_format,skills,string,D,N,,active,verified,fields_v3,3.0.0,研究内容2、通用字段,interface_spec,topic3,topic3,,topic3:interface+orchestration+output+registry,,,环境文件格式；文献未报则省略,方法或未来工具文档,输入校验,,,sources/fields_v3/breeding_fields_259_final.md#L189
skills.preprocessing_steps,skills,array_string,D,N,,active,verified,fields_v3,3.0.0,研究内容2、通用字段,method_spec,topic3,topic3,,topic3:interface+registry,,,数据清洗、缺失填补等步骤,材料与方法,流程编排,,,sources/fields_v3/breeding_fields_259_final.md#L190
skills.qc_filters,skills,array_string,D,N,,active,verified,fields_v3,3.0.0,研究内容2、通用字段,method_spec,topic3,topic3,,topic3:interface+registry,,,缺失率、MAF等过滤规则原文,材料与方法,质量控制,,,sources/fields_v3/breeding_fields_259_final.md#L191
skills.parameters,skills,array_parameter,D,N,,active,verified,fields_v3,3.0.0,研究内容2、通用字段,method_spec,topic3,topic3,,topic3:interface+registry,,,参数名、原生类型值、value_kind、单位、约束和来源；公式仍为字符串,材料与方法,参数语义,,AMB-006,sources/fields_v3/breeding_fields_259_final.md#L192
skills.population_structure_control,skills,string,D,N,,active,verified,fields_v3,3.0.0,研究内容2、通用字段,method_spec,topic3,topic3,,topic3:interface+registry,,,群体结构修正方法,材料与方法,模型适配,,,sources/fields_v3/breeding_fields_259_final.md#L193
skills.kinship_control,skills,string,D,N,,active,verified,fields_v3,3.0.0,研究内容2、通用字段,method_spec,topic3,topic3,,topic3:interface+registry,,,亲缘关系修正方法,材料与方法,模型适配,,,sources/fields_v3/breeding_fields_259_final.md#L194
skills.feature_count,skills,integer,D,N,,active,verified,fields_v3,3.0.0,研究内容2、通用字段,method_spec,topic3,topic3,,topic3:interface+registry,,,实际进入模型的标记或特征数,方法与结果,资源估计,minimum=0,,sources/fields_v3/breeding_fields_259_final.md#L195
skills.training_population,skills,string,D,N,,active,verified,fields_v3,3.0.0,研究内容2、通用字段,method_spec,topic3,topic3,,topic3:interface+registry,,,模型训练群体定义,验证方法,泛化判断,,,sources/fields_v3/breeding_fields_259_final.md#L196
skills.training_set_size,skills,integer,D,N,,active,verified,fields_v3,3.0.0,研究内容2、通用字段,method_spec,topic3,topic3,,topic3:interface+registry,,,训练集样本数,验证方法,输入校验,minimum=0,,sources/fields_v3/breeding_fields_259_final.md#L197
skills.test_set_size,skills,integer,D,N,,active,verified,fields_v3,3.0.0,研究内容2、通用字段,method_spec,topic3,topic3,,topic3:interface+registry,,,测试集样本数,验证方法,输入校验,minimum=0,,sources/fields_v3/breeding_fields_259_final.md#L198
skills.validation_strategy,skills,string,D,N,,active,verified,fields_v3,3.0.0,研究内容2、通用字段,method_spec,topic3,topic3,,topic3:interface+registry,,,交叉验证或外部验证方案,验证方法,结果校验,,,sources/fields_v3/breeding_fields_259_final.md#L199
skills.folds,skills,integer,D,N,,active,verified,fields_v3,3.0.0,研究内容2、通用字段,method_spec,topic3,topic3,,topic3:interface+registry,,,交叉验证折数,验证方法,结果校验,minimum=1,,sources/fields_v3/breeding_fields_259_final.md#L200
skills.split_basis,skills,string,D,N,,active,verified,fields_v3,3.0.0,研究内容2、通用字段,method_spec,topic3,topic3,,topic3:interface+registry,,,按年份、群体或环境分割原则,验证方法,泄漏防控,,,sources/fields_v3/breeding_fields_259_final.md#L201
skills.random_seed,skills,integer,D,N,,active,verified,fields_v3,3.0.0,研究内容2、迭代优化,method_spec,topic3,topic3,,topic3:interface+registry,,,论文报告的随机种子,方法或未来工具文档,可重复性,,,sources/fields_v3/breeding_fields_259_final.md#L202
skills.output_artifacts,skills,array_string,D,N,,active,verified,fields_v3,3.0.0,研究内容2、通用字段,interface_spec,topic3,topic3,,topic3:interface+orchestration+output+registry,,,曼哈顿图、预测值表等输出,结果或未来工具文档,输出接口,,,sources/fields_v3/breeding_fields_259_final.md#L203
skills.output_fields,skills,array_string,D,N,,active,verified,fields_v3,3.0.0,研究内容2、通用字段,interface_spec,topic3,topic3,,topic3:interface+orchestration+output+registry,,,分析结果的关键字段名,结果或未来工具文档,输出接口,,,sources/fields_v3/breeding_fields_259_final.md#L204
skills.metric_name,skills,string,D,N,,active,verified,fields_v3,3.0.0,研究内容2、通用字段,statistic,topic3,topic3,,topic3:output,result_analysis,,预测相关性、遗传力等指标名称,结果,结果校验,,,sources/fields_v3/breeding_fields_259_final.md#L205
skills.metric_value,skills,number,D,N,,active,verified,fields_v3,3.0.0,研究内容2、通用字段,statistic,topic3,topic3,,topic3:output,result_analysis,,与本证据单元匹配的指标值,结果,结果校验,,,sources/fields_v3/breeding_fields_259_final.md#L206
skills.metric_unit,skills,string,D,N,,active,verified,fields_v3,3.0.0,研究内容2、通用字段,statistic,topic3,topic3,,topic3:output,result_analysis,,指标单位或尺度,结果,结果校验,,,sources/fields_v3/breeding_fields_259_final.md#L207
skills.significance_threshold,skills,string,D,N,,active,verified,fields_v3,3.0.0,研究内容2、通用字段,method_spec,topic3,topic3,,topic3:interface+registry,,backing,显著性阈值原样表达式,材料与方法,结果校验,,,sources/fields_v3/breeding_fields_259_final.md#L208
skills.method_assumptions,skills,array_string,I,N,,active,verified,fields_v3,3.0.0,研究内容2、通用字段,method_spec,topic3,topic3,,topic3:interface+registry,,warrant,方法成立的统计或数据假设,方法与讨论,技能边界,,,sources/fields_v3/breeding_fields_259_final.md#L209
skills.applicability_limit,skills,string,D,N,,active,verified,fields_v3,3.0.0,研究内容2、通用字段,method_spec,topic3,topic3,,topic3:interface+registry,,rebuttal,算法适用样本、作物及场景限制,讨论或工具说明,技能边界,,,sources/fields_v3/breeding_fields_259_final.md#L210
skills.reproducibility_assets,skills,array_string,D,N,,active,verified,fields_v3,3.0.0,研究内容2、迭代优化,interface_spec,topic3,topic3,,topic3:interface+orchestration+output+registry,,,代码、数据或补充材料引用,数据可用性及补充材料,技能复现,,,sources/fields_v3/breeding_fields_259_final.md#L211
skills.tool_description_uri,skills,string,F,N,,active,verified,fields_v3,3.0.0,研究内容2、迭代优化,interface_spec,topic3,topic3,,topic3:interface+orchestration+output+registry,,,工具规范说明文档引用,未来Markdown工具说明,技能注册,,,sources/fields_v3/breeding_fields_259_final.md#L212
skills.input_schema_ref,skills,string,F,N,,active,verified,fields_v3,3.0.0,研究内容2、迭代优化,interface_spec,topic3,topic3,,topic3:interface+orchestration+output+registry,,,正式输入结构定义引用,未来Markdown工具说明,技能调用,,,sources/fields_v3/breeding_fields_259_final.md#L213
skills.output_schema_ref,skills,string,F,N,,active,verified,fields_v3,3.0.0,研究内容2、迭代优化,interface_spec,topic3,topic3,,topic3:interface+orchestration+output+registry,,,正式输出结构定义引用,未来Markdown工具说明,技能调用,,,sources/fields_v3/breeding_fields_259_final.md#L214
skills.parameter_schema_ref,skills,string,F,N,,active,verified,fields_v3,3.0.0,研究内容2、迭代优化,interface_spec,topic3,topic3,,topic3:interface+orchestration+output+registry,,,正式参数结构定义引用,未来Markdown工具说明,参数校验,,,sources/fields_v3/breeding_fields_259_final.md#L215
skills.workflow_steps,skills,array_step,D,N,,active,verified,fields_v3,3.0.0,研究内容2、通用字段,interface_spec,topic3,topic3,,topic3:interface+orchestration+output+registry,,,输入、运行、产出的有序分析步骤,材料与方法或工具文档,技能编排,,AMB-005,sources/fields_v3/breeding_fields_259_final.md#L216
skills.genotyping_method,skills,string,D,N,,active,verified,fields_v3,3.0.0,研究内容2、通用字段,method_spec,topic3,topic3,,topic3:interface+registry,,,GBS、重测序或RFLP等实际基因分型方式,分型方法,输入校验,,,sources/fields_v3/breeding_fields_259_final.md#L217
skills.phenotyping_method,skills,string,D,N,,active,verified,fields_v3,3.0.0,研究内容2、通用字段,method_spec,topic3,topic3,,topic3:interface+registry,,,田间测定、图像测定或人工评分等表型来源,表型方法,输入校验,,,sources/fields_v3/breeding_fields_259_final.md#L218
skills.target_variable,skills,string,D,N,,active,verified,fields_v3,3.0.0,研究内容2、通用字段,method_spec,topic3,topic3,,topic3:interface+registry,,,模型或定位分析实际使用的单一目标性状或指标,方法与结果,输出解释,,,sources/fields_v3/breeding_fields_259_final.md#L219
skills.threshold_calibration,skills,string,D,N,,active,verified,fields_v3,3.0.0,研究内容2、通用字段,method_spec,topic3,topic3,,topic3:interface+registry,,backing,阈值如何确定，如置换次数与置信水平,统计方法,参数语义,,,sources/fields_v3/breeding_fields_259_final.md#L220
skills.skill_spec_id,skills,string,F,N,,active,verified,fields_v3,3.0.0,研究内容2、迭代优化,interface_spec,topic3,topic3,,topic3:interface+orchestration+output+registry,,,可调用技能规范ID，论文方法名称不能自动充当此ID,课题三技能注册表,技能注册,,,sources/fields_v3/breeding_fields_259_final.md#L221
skills.skill_spec_version,skills,string,F,N,,active,verified,fields_v3,3.0.0,研究内容2、迭代优化,interface_spec,topic3,topic3,,topic3:interface+orchestration+output+registry,,,可调用接口版本，与论文引用的软件版本分开,课题三工具说明,技能注册,,,sources/fields_v3/breeding_fields_259_final.md#L222
skills.input_asset_refs,skills,array_string,F,N,,active,verified,fields_v3,3.0.0,研究内容2、通用字段,record_link,"topic3,derivation",topic3,derivation,topic3:orchestration;derivation:kg+rdb+triple+qa,,,本次技能运行输入资产ID，引用common资产记录,工具运行清单,技能调用,,,sources/fields_v3/breeding_fields_259_final.md#L223
skills.output_asset_refs,skills,array_string,F,N,,active,verified,fields_v3,3.0.0,研究内容2、通用字段,record_link,"topic3,derivation",topic3,derivation,topic3:orchestration;derivation:kg+rdb+triple+qa,,,本次技能运行输出资产ID，引用common资产记录,工具运行清单,结果校验,,,sources/fields_v3/breeding_fields_259_final.md#L224
skills.runtime_environment_ref,skills,string,F,N,,active,verified,fields_v3,3.0.0,研究内容2、迭代优化,interface_spec,topic3,topic3,,topic3:interface+orchestration+output+registry,,,容器镜像摘要或环境锁定文件的持久引用,课题三运行环境说明,可重复性,,,sources/fields_v3/breeding_fields_259_final.md#L225
skills.normalization_method,skills,string,D,N,,active,provisional,omics_v2,3.1.0,研究内容2、通用字段,method_spec,topic3,,topic3,topic3:interface+registry,,,组学数据标准化方法原文，如 TPM 或 DESeq2,方法,,,AMB-026,sources/omics_v2/omics_metadata_template.json#/data_processing/normalization_method
skills.tool_input_formats,skills,array_string,D,N,,active,provisional,omics_v2,3.1.0,研究内容2、通用字段,interface_spec,topic3,,topic3,topic3:interface+orchestration+output+registry,,,工具输入文件格式,方法或工具说明,,,AMB-026,sources/omics_v2/omics_metadata_template.json#/tool_skill/tool_input_format
skills.tool_output_formats,skills,array_string,D,N,,active,provisional,omics_v2,3.1.0,研究内容2、通用字段,interface_spec,topic3,,topic3,topic3:interface+orchestration+output+registry,,,工具输出文件格式,方法或工具说明,,,AMB-026,sources/omics_v2/omics_metadata_template.json#/tool_skill/tool_output_format
skills.software_dependencies,skills,array_string,D,N,,active,provisional,omics_v2,3.1.0,研究内容2、通用字段,method_spec,topic3,,topic3,topic3:interface+registry,,,软件依赖及版本,方法或工具说明,,,AMB-026,sources/omics_v2/omics_metadata_template.json#/tool_skill/dependencies
skills.validation_rules,skills,array_string,F,N,,active,provisional,omics_v2,3.1.0,研究内容2、迭代优化,interface_spec,topic3,,topic3,topic3:interface+orchestration+output+registry,,,工具输入输出的校验规则,未来工具说明,,,AMB-026,sources/omics_v2/omics_metadata_template.json#/tool_skill/validation_rule
skills.failure_modes,skills,array_string,F,N,,active,provisional,omics_v2,3.1.0,研究内容2、迭代优化,interface_spec,topic3,,topic3,topic3:interface+orchestration+output+registry,,,已知失败模式及处理方式,未来工具说明,,,AMB-026,sources/omics_v2/omics_metadata_template.json#/tool_skill/failure_modes
skills.method_record_ids,skills,array_string,N,N,,active,provisional,repository,3.2.0,研究内容1、研究内容2,record_link,"topic2,topic3,derivation",,"topic2,topic3,derivation",topic2:reasoning+memory;topic3:orchestration;derivation:kg+rdb+triple+qa,result_analysis,warrant,产生本结果或观测所用方法的 method 记录 record_id，由抽取管线按候选引用解析；连接结果与方法，构成证据链的推理依据环节,同一来源的 method 记录,,,AMB-033,docs/field_functions.md
transform.subject_mention,transform,string,D,N,,active,verified,fields_v3,3.0.0,研究内容1,relation,derivation,derivation,,derivation:kg+triple+qa,,,关系主语原文提及,结论原文,图谱,,AMB-012,sources/fields_v3/breeding_fields_259_final.md#L226
transform.subject_type,transform,string,I,N,,active,verified,fields_v3,3.0.0,研究内容1,relation,derivation,derivation,,derivation:kg+triple+qa,,,主语的本体类型,领域本体,图谱,,,sources/fields_v3/breeding_fields_259_final.md#L227
transform.subject_id,transform,string,N,N,,active,verified,fields_v3,3.0.0,研究内容1,relation,derivation,derivation,,derivation:kg+triple+qa,,,主语规范ID；未链接则省略,实体对齐结果,图谱,,,sources/fields_v3/breeding_fields_259_final.md#L228
transform.predicate_label,transform,string,I,N,predicate_label,active,verified,fields_v3,3.0.0,研究内容1,relation,derivation,derivation,,derivation:kg+triple+qa,,,原文关系的规范化名称,关系抽取,图谱,,AMB-012,sources/fields_v3/breeding_fields_259_final.md#L229
transform.predicate_id,transform,string,N,N,,active,verified,fields_v3,3.0.0,研究内容1,relation,derivation,derivation,,derivation:kg+triple+qa,,,经本体审核的关系ID,领域本体,图谱,,,sources/fields_v3/breeding_fields_259_final.md#L230
transform.predicate_mention,transform,string,D,N,,active,provisional,repository,3.4.0,研究内容1,relation,derivation,,derivation,derivation:kg+triple+qa,,,关系谓词的原文表述：source_quote 中连接主语与宾语的逐字词语（如 was associated with、调控），不改写、不归一,结论原文,,,AMB-038,docs/downstream.md
transform.predicate_code,transform,string,N,N,predicate_label,active,provisional,repository,3.4.0,研究内容1,relation,derivation,,derivation,derivation:kg+triple+qa,,,由 predicate_mention 与主宾语实体类型按 predicate_label 词表的线索词确定性匹配得到的关系代码；仅在恰好命中一个代码时填写，未经人工审核，不替代 predicate_label,predicate_mention 与 predicate_label 词表线索词,,,AMB-038,docs/downstream.md
transform.predicate_start_offset,transform,integer,N,N,,active,provisional,repository,3.4.0,研究内容1,relation,derivation,,derivation,derivation:kg+triple+qa,,,predicate_mention 在 common.source_quote 中的起始字符偏移（含）,source_quote 逐字定位,,minimum=0,AMB-038,docs/downstream.md
transform.predicate_end_offset,transform,integer,N,N,,active,provisional,repository,3.4.0,研究内容1,relation,derivation,,derivation,derivation:kg+triple+qa,,,predicate_mention 在 common.source_quote 中的结束字符偏移（不含）,source_quote 逐字定位,,minimum=1,AMB-038,docs/downstream.md
transform.object_mention,transform,string,D,N,,active,verified,fields_v3,3.0.0,研究内容1,relation,derivation,derivation,,derivation:kg+triple+qa,,,关系宾语原文提及,结论原文,图谱,,AMB-012,sources/fields_v3/breeding_fields_259_final.md#L231
transform.object_type,transform,string,I,N,,active,verified,fields_v3,3.0.0,研究内容1,relation,derivation,derivation,,derivation:kg+triple+qa,,,宾语的本体类型,领域本体,图谱,,,sources/fields_v3/breeding_fields_259_final.md#L232
transform.object_id,transform,string,N,N,,active,verified,fields_v3,3.0.0,研究内容1,relation,derivation,derivation,,derivation:kg+triple+qa,,,宾语规范ID；未链接则省略,实体对齐结果,图谱,,,sources/fields_v3/breeding_fields_259_final.md#L233
transform.relation_polarity,transform,string,I,N,relation_polarity,active,verified,fields_v3,3.0.0,研究内容1,relation,derivation,derivation,,derivation:kg+triple+qa,,,增加、降低、无显著效应或未知,语义与实验结果,图谱,,AMB-010,sources/fields_v3/breeding_fields_259_final.md#L234
transform.relation_qualifiers,transform,object_string,N,N,,active,verified,fields_v3,3.0.0,研究内容1,relation,derivation,derivation,,derivation:kg+triple+qa,,qualifier,群体、环境、时间、处理和方法限定,试验上下文字段,图谱,,,sources/fields_v3/breeding_fields_259_final.md#L235
transform.graph_statement_id,transform,string,G,N,,active,verified,fields_v3,3.0.0,研究内容1,relation,derivation,derivation,,derivation:kg+triple+qa,,,含限定条件的语句稳定ID,图谱转化,图谱,,,sources/fields_v3/breeding_fields_259_final.md#L236
transform.graph_status,transform,string,G,N,graph_status,active,verified,fields_v3,3.0.0,研究内容1、迭代优化,derivation_control,derivation,derivation,,derivation:kg+qa+corpus,,evaluation,候选、已审核或已发布状态,图谱审核,图谱,,AMB-010,sources/fields_v3/breeding_fields_259_final.md#L237
transform.entity_alignment_status,transform,string,N,N,entity_alignment_status,active,verified,fields_v3,3.0.0,研究内容1,entity_alignment,derivation,derivation,,derivation:kg+rdb,,,未链接、候选或已链接,实体对齐过程,图谱,,AMB-010,sources/fields_v3/breeding_fields_259_final.md#L238
transform.entity_alignment_source,transform,string,N,N,,active,verified,fields_v3,3.0.0,研究内容1,entity_alignment,derivation,derivation,,derivation:kg+rdb,,,实体ID所依据的词表版本,本体与外部数据库,图谱,,,sources/fields_v3/breeding_fields_259_final.md#L239
transform.external_graph_ids,transform,array_string,F,N,,active,verified,fields_v3,3.0.0,研究内容1、迭代优化,relation,derivation,derivation,,derivation:kg+triple+qa,,,外部知识图谱节点或边ID,未来图结构数据库,图谱,,,sources/fields_v3/breeding_fields_259_final.md#L240
transform.provenance_record_ids,transform,array_string,N,N,,active,verified,fields_v3,3.0.0,研究内容1、研究内容2,record_link,derivation,derivation,,derivation:kg+rdb+triple+qa,,,支持图谱语句的源证据ID,common.record_id,图谱,,,sources/fields_v3/breeding_fields_259_final.md#L241
transform.chunk_id,transform,string,G,N,,active,verified,fields_v3,3.0.0,研究内容1、研究内容2,corpus_qa,derivation,derivation,,derivation:qa+corpus,,,检索块稳定ID,语料切块,语料库,,,sources/fields_v3/breeding_fields_259_final.md#L242
transform.chunk_text,transform,string,G,N,,active,verified,fields_v3,3.0.0,研究内容1、研究内容2,corpus_qa,derivation,derivation,,derivation:qa+corpus,,,保留条件和出处的检索文本,来源片段与上下文,语料库,,,sources/fields_v3/breeding_fields_259_final.md#L243
transform.chunk_page,transform,integer,D,N,,active,verified,fields_v3,3.0.0,研究内容1、研究内容2,corpus_qa,derivation,derivation,,derivation:qa+corpus,,,语料块所在页,PDF物理页码,语料库,minimum=1,,sources/fields_v3/breeding_fields_259_final.md#L244
transform.chunk_section,transform,string,D,N,,active,verified,fields_v3,3.0.0,研究内容1、研究内容2,corpus_qa,derivation,derivation,,derivation:qa+corpus,,,语料块所属章节,PDF章节,语料库,,,sources/fields_v3/breeding_fields_259_final.md#L245
transform.chunk_start_offset,transform,integer,N,N,,active,verified,fields_v3,3.0.0,研究内容1、研究内容2,corpus_qa,derivation,derivation,,derivation:qa+corpus,,,语料块原文起始字符偏移,PDF解析文本,语料库,minimum=0,,sources/fields_v3/breeding_fields_259_final.md#L246
transform.chunk_end_offset,transform,integer,N,N,,active,verified,fields_v3,3.0.0,研究内容1、研究内容2,corpus_qa,derivation,derivation,,derivation:qa+corpus,,,语料块原文结束字符偏移,PDF解析文本,语料库,minimum=0,,sources/fields_v3/breeding_fields_259_final.md#L247
transform.chunk_keywords,transform,array_string,G,N,,active,verified,fields_v3,3.0.0,研究内容1、研究内容2,corpus_qa,derivation,derivation,,derivation:qa+corpus,,,用于检索召回的作物基因性状词,语料切块与实体识别,语料库,,,sources/fields_v3/breeding_fields_259_final.md#L248
transform.qa_seed_question,transform,string,G,N,,active,verified,fields_v3,3.0.0,研究内容1、研究内容2,corpus_qa,derivation,derivation,,derivation:qa+corpus,,,可由本证据支持的候选问题,已核验证据,问答对,,,sources/fields_v3/breeding_fields_259_final.md#L249
transform.qa_seed_answer,transform,string,G,N,,active,verified,fields_v3,3.0.0,研究内容1、研究内容2,corpus_qa,derivation,derivation,,derivation:qa+corpus,,,有明确证据的候选答案,已核验证据,问答对,,,sources/fields_v3/breeding_fields_259_final.md#L250
transform.qa_answerable,transform,boolean,G,N,,active,verified,fields_v3,3.0.0,研究内容1、研究内容2,corpus_qa,derivation,derivation,,derivation:qa+corpus,,evaluation,当前证据是否足以作答,证据覆盖检查,问答对,,,sources/fields_v3/breeding_fields_259_final.md#L251
transform.qa_support_ids,transform,array_string,N,N,,active,verified,fields_v3,3.0.0,研究内容1、研究内容2,record_link,derivation,derivation,,derivation:kg+rdb+triple+qa,,,答案引用的证据单元ID,common.record_id,问答对,,,sources/fields_v3/breeding_fields_259_final.md#L252
transform.qa_reasoning_path_ids,transform,array_string,G,N,,active,verified,fields_v3,3.0.0,研究内容1、研究内容2,record_link,derivation,derivation,,derivation:kg+rdb+triple+qa,,,多跳问答所依赖的图谱语句ID,图谱路径检索,问答对,,,sources/fields_v3/breeding_fields_259_final.md#L253
transform.qa_difficulty,transform,string,G,N,qa_difficulty,active,verified,fields_v3,3.0.0,研究内容1、研究内容2,corpus_qa,derivation,derivation,,derivation:qa+corpus,,,单跳、多跳或跨模态难度,问答生成过程,问答对,,AMB-010,sources/fields_v3/breeding_fields_259_final.md#L254
transform.leakage_group_id,transform,string,G,N,,active,verified,fields_v3,3.0.0,研究内容1、迭代优化,derivation_control,derivation,derivation,,derivation:kg+qa+corpus,,,划分数据集时防泄漏的分组ID,同论文同群体聚类,模型训练,,,sources/fields_v3/breeding_fields_259_final.md#L255
transform.transform_review_status,transform,string,G,N,,active,verified,fields_v3,3.0.0,研究内容1、迭代优化,derivation_control,"derivation,iteration",derivation,iteration,derivation:kg+qa+corpus;iteration:quality,,evaluation,图谱、语料、问答转化产物审核状态,人工或自动审核,全部转化,,,sources/fields_v3/breeding_fields_259_final.md#L256
transform.relation_evidence_type,transform,string,I,N,relation_evidence_type,active,verified,fields_v3,3.0.0,研究内容1,relation,derivation,derivation,,derivation:kg+triple+qa,,warrant,关系依据是统计定位、表达支持还是功能验证,证据类型与验证阶段,图谱,,AMB-010,sources/fields_v3/breeding_fields_259_final.md#L257
transform.qa_answer_scope,transform,string,G,N,,active,verified,fields_v3,3.0.0,研究内容1、研究内容2,corpus_qa,derivation,derivation,,derivation:qa+corpus,,qualifier,答案适用的材料、环境、阶段或统计范围,问答生成及证据条件,问答对,,,sources/fields_v3/breeding_fields_259_final.md#L258
transform.qa_unanswerable_reason,transform,string,G,N,,active,verified,fields_v3,3.0.0,研究内容1、研究内容2,corpus_qa,derivation,derivation,,derivation:qa+corpus,,evaluation,候选问题无法由当前证据回答的具体原因,证据覆盖检查,问答对,,,sources/fields_v3/breeding_fields_259_final.md#L259
transform.ontology_version,transform,string,N,N,,active,verified,fields_v3,3.0.0,研究内容1、通用字段,reference_frame,"derivation,iteration",derivation,iteration,derivation:kg+rdb;iteration:standard+ontology+fusion,,,主谓宾规范ID所依赖的育种本体版本,本体与词表发布,图谱,,,sources/fields_v3/breeding_fields_259_final.md#L260
transform.corpus_split,transform,string,G,N,corpus_split,active,verified,fields_v3,3.0.0,研究内容1、迭代优化,derivation_control,derivation,derivation,,derivation:kg+qa+corpus,,,train、validation或test；同一泄漏组只能落入一个集合,数据划分清单,语料与问答,,,sources/fields_v3/breeding_fields_259_final.md#L261
transform.dedup_group_id,transform,string,G,N,,active,verified,fields_v3,3.0.0,研究内容1、迭代优化,derivation_control,derivation,derivation,,derivation:kg+qa+corpus,,,近重复片段及改写问答的稳定聚类ID,文献与文本去重索引,语料与问答,,,sources/fields_v3/breeding_fields_259_final.md#L262
transform.qa_review_status,transform,string,G,N,qa_review_status,active,verified,fields_v3,3.0.0,研究内容1、迭代优化,derivation_control,derivation,derivation,,derivation:kg+qa+corpus,,evaluation,候选、已审核或驳回，与底层证据审核状态分开,问答人工抽检,问答对,,AMB-010,sources/fields_v3/breeding_fields_259_final.md#L263
transform.derivative_license_id,transform,string,N,N,,active,verified,fields_v3,3.0.0,研究内容1、迭代优化,derivation_control,derivation,derivation,,derivation:kg+qa+corpus,,,衍生语料或问答可使用的许可标识，不能从论文公开性推断,来源授权与衍生规则,语料与问答,,,sources/fields_v3/breeding_fields_259_final.md#L264
transform.chunk_support_ids,transform,array_string,N,N,,active,verified,fields_v3,3.0.0,研究内容1、研究内容2,record_link,derivation,derivation,,derivation:kg+rdb+triple+qa,,,语料块引用的原子证据ID，支持反向删除和重新生成,common.record_id,语料库,,,sources/fields_v3/breeding_fields_259_final.md#L265
transform.mapping_type,transform,string,N,N,,active,provisional,omics_v2,3.1.0,研究内容1,entity_alignment,derivation,,derivation,derivation:kg+rdb,,,实体与本体术语的对齐类型，如精确、近似、上位或下位,实体对齐过程,,,AMB-026,sources/omics_v2/omics_metadata_template.json#/ontology_mapping/mapping_type
transform.mapping_confidence,transform,number,N,N,,active,provisional,omics_v2,3.1.0,研究内容1,entity_alignment,derivation,,derivation,derivation:kg+rdb,,,实体对齐置信度,实体对齐过程,,,AMB-026,sources/omics_v2/omics_metadata_template.json#/ontology_mapping/mapping_confidence
transform.entity_synonyms,transform,array_string,N,N,,active,provisional,omics_v2+legacy_v1,3.1.0,研究内容1,entity_alignment,derivation,,derivation,derivation:kg+rdb,,,实体同义词,实体对齐过程,,,AMB-026,sources/omics_v2/omics_metadata_template.json#/ontology_mapping/synonyms
transform.entity_links,transform,array_entity_link,N,N,,active,provisional,repository,3.2.0,研究内容1,entity_alignment,derivation,,derivation,derivation:kg+rdb,,,本记录每个实体提及与规范实体的逐项对应：提及原文、来源字段、实体类型、规范 ID、对齐状态与来源，以及提及在 source_quote 中的字符偏移和在关系语句中的角色；不对 *_names 与 *_ids 数组做位置对齐假设,实体提及字段逐字定位；实体对齐过程,,,"AMB-034,AMB-038",docs/field_functions.md
transform.qa_id,transform,string,G,N,,active,provisional,repository,3.2.0,研究内容1、研究内容2,corpus_qa,derivation,,derivation,derivation:qa+corpus,,,候选问答对的稳定 ID，用于问答去重、训练划分与回溯；与 record_id 分开,问答生成过程,,,,docs/field_functions.md
transform.ontology_id,transform,string,N,N,,active,provisional,repository,3.5.0,研究内容1、迭代优化,reference_frame,"derivation,iteration",,"derivation,iteration",derivation:kg+rdb;iteration:standard+ontology+fusion,,,主谓宾规范ID所依赖的本体的稳定标识；与 transform.ontology_version 成对使用，用于区分覆盖整个领域的本体与只覆盖某一类论文的本体,本体与词表发布,,,AMB-041,docs/downstream.md
omics.omics_type,omics,string,D,N,omics_type,active,provisional,omics_v2,3.1.0,研究内容2、通用字段,method_spec,topic3,,topic3,topic3:interface+registry,,,组学类型，如转录组、表观组、蛋白组、代谢组,组学方法、结果表或补充材料,,,AMB-026,sources/omics_v2/omics_metadata_template.json#/omics_experiment/omics_type
omics.assay_type,omics,string,D,N,,active,provisional,omics_v2,3.1.0,研究内容2、通用字段,method_spec,topic3,,topic3,topic3:interface+registry,,,测定类型原文，如 RNA-seq、ChIP-seq、TMT,组学方法、结果表或补充材料,,,AMB-026,sources/omics_v2/omics_metadata_template.json#/omics_experiment/assay_type
omics.library_strategy,omics,string,D,N,,active,provisional,omics_v2,3.1.0,研究内容2、通用字段,method_spec,topic3,,topic3,topic3:interface+registry,,,文库策略原文,组学方法、结果表或补充材料,,,AMB-026,sources/omics_v2/omics_metadata_template.json#/omics_experiment/library_strategy
omics.library_selection,omics,string,D,N,,active,provisional,omics_v2,3.1.0,研究内容2、通用字段,method_spec,topic3,,topic3,topic3:interface+registry,,,文库选择方法原文,组学方法、结果表或补充材料,,,AMB-026,sources/omics_v2/omics_metadata_template.json#/omics_experiment/library_selection
omics.library_layout,omics,string,D,N,,active,provisional,omics_v2,3.1.0,研究内容2、通用字段,method_spec,topic3,,topic3,topic3:interface+registry,,,文库布局原文，如单端或双端,组学方法、结果表或补充材料,,,AMB-026,sources/omics_v2/omics_metadata_template.json#/omics_experiment/library_layout
omics.platform,omics,string,D,N,,active,provisional,omics_v2,3.1.0,研究内容2、通用字段,method_spec,topic3,,topic3,topic3:interface+registry,,,测序或检测平台原文,组学方法、结果表或补充材料,,,AMB-026,sources/omics_v2/omics_metadata_template.json#/omics_experiment/platform
omics.instrument_model,omics,string,D,N,,active,provisional,omics_v2,3.1.0,研究内容2、通用字段,method_spec,topic3,,topic3,topic3:interface+registry,,,仪器型号原文,组学方法、结果表或补充材料,,,AMB-026,sources/omics_v2/omics_metadata_template.json#/omics_experiment/instrument_model
omics.sequencing_depth,omics,string,D,N,,active,provisional,omics_v2,3.1.0,研究内容2、通用字段,method_spec,topic3,,topic3,topic3:interface+registry,,,测序深度原文,组学方法、结果表或补充材料,,,AMB-026,sources/omics_v2/omics_metadata_template.json#/omics_experiment/sequencing_depth
omics.read_length,omics,string,D,N,,active,provisional,omics_v2,3.1.0,研究内容2、通用字段,method_spec,topic3,,topic3,topic3:interface+registry,,,读长原文,组学方法、结果表或补充材料,,,AMB-026,sources/omics_v2/omics_metadata_template.json#/omics_experiment/read_length
omics.cell_type,omics,string,D,N,,active,provisional,omics_v2,3.1.0,研究内容1、通用字段,entity_mention,"topic2,topic3,derivation",,"topic2,topic3,derivation",topic2:reasoning+memory;topic3:interface;derivation:kg+rdb+triple+qa,,,细胞类型原文,组学方法、结果表或补充材料,,,AMB-026,sources/omics_v2/omics_metadata_template.json#/tissue_and_development/cell_type
omics.cell_state,omics,string,D,N,,active,provisional,omics_v2,3.1.0,研究内容2、通用字段,condition,"topic2,topic3,derivation",,"topic2,topic3,derivation",topic2:reasoning+planning;topic3:interface;derivation:kg+triple+qa,,,细胞状态原文,组学方法、结果表或补充材料,,,AMB-026,sources/omics_v2/omics_metadata_template.json#/tissue_and_development/cell_state
omics.feature_type,omics,string,D,N,,active,provisional,omics_v2,3.1.0,研究内容1、通用字段,entity_attribute,"topic2,topic3,derivation",,"topic2,topic3,derivation",topic2:memory;topic3:interface;derivation:kg+rdb+qa,,,统一特征类型原文，如基因、转录本、峰、蛋白或代谢物,组学方法、结果表或补充材料,,,AMB-026,sources/omics_v2/omics_metadata_template.json#/unified_feature/feature_type
omics.feature_id,omics,string,D,N,,active,provisional,omics_v2,3.1.0,研究内容1、通用字段,entity_id,"topic2,topic3,derivation",,"topic2,topic3,derivation",topic2:memory;topic3:interface;derivation:kg+rdb+triple,,,特征ID原文,组学方法、结果表或补充材料,,,AMB-026,sources/omics_v2/omics_metadata_template.json#/unified_feature/feature_id
omics.feature_name,omics,string,D,N,,active,provisional,omics_v2,3.1.0,研究内容1、通用字段,entity_mention,"topic2,topic3,derivation",,"topic2,topic3,derivation",topic2:reasoning+memory;topic3:interface;derivation:kg+rdb+triple+qa,,,特征名称原文,组学方法、结果表或补充材料,,,AMB-026,sources/omics_v2/omics_metadata_template.json#/unified_feature/feature_name
omics.multiomics_support_count,omics,integer,G,N,,active,provisional,omics_v2,3.1.0,研究内容2、迭代优化,statistic,"topic2,topic3",,"topic2,topic3",topic2:reasoning+execution;topic3:output,,backing,支持同一结论的组学层数,组学方法、结果表或补充材料,,minimum=0,AMB-026,sources/omics_v2/omics_metadata_template.json#/cross_omics/multiomics_support_count
omics.ortholog_id,omics,string,D,N,,active,provisional,omics_v2,3.1.0,研究内容1、通用字段,entity_id,"topic2,topic3,derivation",,"topic2,topic3,derivation",topic2:memory;topic3:interface;derivation:kg+rdb+triple,,,直系同源基因ID原文,组学方法、结果表或补充材料,,,AMB-026,sources/omics_v2/omics_metadata_template.json#/cross_species/ortholog_id
omics.ortholog_species,omics,string,D,N,,active,provisional,omics_v2,3.1.0,研究内容1、通用字段,entity_mention,"topic2,topic3,derivation",,"topic2,topic3,derivation",topic2:reasoning+memory;topic3:interface;derivation:kg+rdb+triple+qa,,,直系同源基因所属物种原文,组学方法、结果表或补充材料,,,AMB-026,sources/omics_v2/omics_metadata_template.json#/cross_species/ortholog_species
omics.orthology_type,omics,string,D,N,,active,provisional,omics_v2,3.1.0,研究内容1、通用字段,entity_attribute,"topic2,topic3,derivation",,"topic2,topic3,derivation",topic2:memory;topic3:interface;derivation:kg+rdb+qa,,,同源关系类型原文，如一对一,组学方法、结果表或补充材料,,,AMB-026,sources/omics_v2/omics_metadata_template.json#/cross_species/orthology_type
omics.synteny_support,omics,string,D,N,,active,provisional,omics_v2,3.1.0,研究内容1、研究内容2,assertion,"topic2,topic3",,"topic2,topic3",topic2:reasoning+memory;topic3:cards,,backing,共线性支持情况原文,组学方法、结果表或补充材料,,,AMB-026,sources/omics_v2/omics_metadata_template.json#/cross_species/synteny_support
omics.cross_species_evidence,omics,string,D,N,,active,provisional,omics_v2,3.1.0,研究内容1、研究内容2,assertion,"topic2,topic3",,"topic2,topic3",topic2:reasoning+memory;topic3:cards,,backing,跨物种证据描述原文,组学方法、结果表或补充材料,,,AMB-026,sources/omics_v2/omics_metadata_template.json#/cross_species/cross_species_evidence
omics.genotype_quality,omics,number,D,N,,active,provisional,omics_v2,3.1.0,研究内容2、通用字段,measurement,"topic2,topic3",,"topic2,topic3",topic2:reasoning+execution;topic3:interface+output,,,基因型质量值,组学方法、结果表或补充材料,,,AMB-026,sources/omics_v2/omics_metadata_template.json#/genomics_specific/genotype_quality
omics.read_depth,omics,integer,D,N,,active,provisional,omics_v2,3.1.0,研究内容2、通用字段,measurement,"topic2,topic3",,"topic2,topic3",topic2:reasoning+execution;topic3:interface+output,,,测序读深,组学方法、结果表或补充材料,,minimum=0,AMB-026,sources/omics_v2/omics_metadata_template.json#/genomics_specific/read_depth
omics.structural_variant_type,omics,string,D,N,,active,provisional,omics_v2,3.1.0,研究内容1、通用字段,entity_attribute,"topic2,topic3,derivation",,"topic2,topic3,derivation",topic2:memory;topic3:interface;derivation:kg+rdb+qa,,,结构变异类型原文，如缺失、倒位,组学方法、结果表或补充材料,,,AMB-026,sources/omics_v2/omics_metadata_template.json#/genomics_specific/structural_variant_type
omics.transcript_id,omics,string,D,N,,active,provisional,omics_v2,3.1.0,研究内容1、通用字段,entity_id,"topic2,topic3,derivation",,"topic2,topic3,derivation",topic2:memory;topic3:interface;derivation:kg+rdb+triple,,,转录本ID原文,组学方法、结果表或补充材料,,,AMB-026,sources/omics_v2/omics_metadata_template.json#/transcriptomics_specific/transcript_id
omics.raw_count,omics,integer,D,N,,active,provisional,omics_v2,3.1.0,研究内容2、通用字段,measurement,"topic2,topic3",,"topic2,topic3",topic2:reasoning+execution;topic3:interface+output,,,原始读段计数,组学方法、结果表或补充材料,,minimum=0,AMB-026,sources/omics_v2/omics_metadata_template.json#/transcriptomics_specific/raw_count
omics.log2_fold_change,omics,number,D,N,,active,provisional,omics_v2,3.1.0,研究内容2、通用字段,measurement,"topic2,topic3",,"topic2,topic3",topic2:reasoning+execution;topic3:interface+output,,,log2 倍数变化,组学方法、结果表或补充材料,,,AMB-026,sources/omics_v2/omics_metadata_template.json#/transcriptomics_specific/log2_fold_change
omics.base_mean,omics,number,D,N,,active,provisional,omics_v2,3.1.0,研究内容2、通用字段,measurement,"topic2,topic3",,"topic2,topic3",topic2:reasoning+execution;topic3:interface+output,,,标准化计数均值（baseMean）,组学方法、结果表或补充材料,,minimum=0,AMB-026,sources/omics_v2/omics_metadata_template.json#/transcriptomics_specific/base_mean
omics.deg_status,omics,string,D,N,,active,provisional,omics_v2,3.1.0,研究内容2、通用字段,statistic,"topic2,topic3",,"topic2,topic3",topic2:reasoning+execution;topic3:output,,,差异表达状态原文,组学方法、结果表或补充材料,,,AMB-026,sources/omics_v2/omics_metadata_template.json#/transcriptomics_specific/deg_status
omics.deg_threshold,omics,string,D,N,,active,provisional,omics_v2,3.1.0,研究内容2、通用字段,method_spec,topic3,,topic3,topic3:interface+registry,,,差异表达判定阈值原文,组学方法、结果表或补充材料,,,AMB-026,sources/omics_v2/omics_metadata_template.json#/transcriptomics_specific/deg_threshold
omics.coexpression_module,omics,string,D,N,,active,provisional,omics_v2,3.1.0,研究内容1、通用字段,entity_mention,"topic2,topic3,derivation",,"topic2,topic3,derivation",topic2:reasoning+memory;topic3:interface;derivation:kg+rdb+triple+qa,,,共表达模块名称或编号原文,组学方法、结果表或补充材料,,,AMB-026,sources/omics_v2/omics_metadata_template.json#/transcriptomics_specific/coexpression_module
omics.gene_set,omics,string,D,N,,active,provisional,omics_v2,3.1.0,研究内容1、通用字段,entity_mention,"topic2,topic3,derivation",,"topic2,topic3,derivation",topic2:reasoning+memory;topic3:interface;derivation:kg+rdb+triple+qa,,,基因集名称原文,组学方法、结果表或补充材料,,,AMB-026,sources/omics_v2/omics_metadata_template.json#/transcriptomics_specific/gene_set
omics.pathway_id,omics,string,D,N,,active,provisional,omics_v2,3.1.0,研究内容1、通用字段,entity_id,"topic2,topic3,derivation",,"topic2,topic3,derivation",topic2:memory;topic3:interface;derivation:kg+rdb+triple,,,通路ID或名称原文,组学方法、结果表或补充材料,,,AMB-026,sources/omics_v2/omics_metadata_template.json#/transcriptomics_specific/pathway_id
omics.go_term,omics,string,D,N,,active,provisional,omics_v2,3.1.0,研究内容1、通用字段,entity_id,"topic2,topic3,derivation",,"topic2,topic3,derivation",topic2:memory;topic3:interface;derivation:kg+rdb+triple,,,GO 术语ID或名称原文,组学方法、结果表或补充材料,,,AMB-026,sources/omics_v2/omics_metadata_template.json#/transcriptomics_specific/go_term
omics.cell_id,omics,string,D,N,,active,provisional,omics_v2,3.1.0,研究内容1、通用字段,context_key,"topic2,topic3",,"topic2,topic3",topic2:memory+planning;topic3:interface+orchestration,,,细胞ID或条形码原文,组学方法、结果表或补充材料,,,AMB-026,sources/omics_v2/omics_metadata_template.json#/single_cell_specific/cell_id
omics.cluster_id,omics,string,D,N,,active,provisional,omics_v2,3.1.0,研究内容1、通用字段,entity_id,"topic2,topic3,derivation",,"topic2,topic3,derivation",topic2:memory;topic3:interface;derivation:kg+rdb+triple,,,细胞聚类编号原文,组学方法、结果表或补充材料,,,AMB-026,sources/omics_v2/omics_metadata_template.json#/single_cell_specific/cluster_id
omics.cell_type_annotation_method,omics,string,D,N,,active,provisional,omics_v2,3.1.0,研究内容2、通用字段,method_spec,topic3,,topic3,topic3:interface+registry,,,细胞类型注释方法原文,组学方法、结果表或补充材料,,,AMB-026,sources/omics_v2/omics_metadata_template.json#/single_cell_specific/cell_type_annotation_method
omics.marker_genes,omics,array_string,D,N,,active,provisional,omics_v2,3.1.0,研究内容1、通用字段,entity_mention,"topic2,topic3,derivation",,"topic2,topic3,derivation",topic2:reasoning+memory;topic3:interface;derivation:kg+rdb+triple+qa,,,细胞类型或聚类的标记基因原文,组学方法、结果表或补充材料,,,AMB-026,sources/omics_v2/omics_metadata_template.json#/single_cell_specific/marker_genes
omics.n_counts,omics,integer,D,N,,active,provisional,omics_v2,3.1.0,研究内容2、通用字段,measurement,"topic2,topic3",,"topic2,topic3",topic2:reasoning+execution;topic3:interface+output,,,单细胞 UMI 或读段总数,组学方法、结果表或补充材料,,minimum=0,AMB-026,sources/omics_v2/omics_metadata_template.json#/single_cell_specific/n_counts
omics.n_genes,omics,integer,D,N,,active,provisional,omics_v2,3.1.0,研究内容2、通用字段,measurement,"topic2,topic3",,"topic2,topic3",topic2:reasoning+execution;topic3:interface+output,,,单细胞检出基因数,组学方法、结果表或补充材料,,minimum=0,AMB-026,sources/omics_v2/omics_metadata_template.json#/single_cell_specific/n_genes
omics.mitochondrial_fraction,omics,number,D,N,,active,provisional,omics_v2,3.1.0,研究内容2、通用字段,measurement,"topic2,topic3",,"topic2,topic3",topic2:reasoning+execution;topic3:interface+output,,,线粒体读段比例,组学方法、结果表或补充材料,,,AMB-026,sources/omics_v2/omics_metadata_template.json#/single_cell_specific/mitochondrial_fraction
omics.doublet_status,omics,string,D,N,,active,provisional,omics_v2,3.1.0,研究内容1、迭代优化,measurement,"topic2,topic3",,"topic2,topic3",topic2:reasoning+execution;topic3:interface+output,,,双细胞判定状态原文,组学方法、结果表或补充材料,,,AMB-026,sources/omics_v2/omics_metadata_template.json#/single_cell_specific/doublet_status
omics.integration_method,omics,string,D,N,,active,provisional,omics_v2,3.1.0,研究内容2、通用字段,method_spec,topic3,,topic3,topic3:interface+registry,,,批次整合方法原文,组学方法、结果表或补充材料,,,AMB-026,sources/omics_v2/omics_metadata_template.json#/single_cell_specific/integration_method
omics.trajectory_method,omics,string,D,N,,active,provisional,omics_v2,3.1.0,研究内容2、通用字段,method_spec,topic3,,topic3,topic3:interface+registry,,,轨迹推断方法原文,组学方法、结果表或补充材料,,,AMB-026,sources/omics_v2/omics_metadata_template.json#/single_cell_specific/trajectory_method
omics.pseudotime,omics,number,D,N,,active,provisional,omics_v2,3.1.0,研究内容2、通用字段,measurement,"topic2,topic3",,"topic2,topic3",topic2:reasoning+execution;topic3:interface+output,,,拟时序值,组学方法、结果表或补充材料,,,AMB-026,sources/omics_v2/omics_metadata_template.json#/single_cell_specific/pseudotime
omics.cell_cell_interaction_method,omics,string,D,N,,active,provisional,omics_v2,3.1.0,研究内容2、通用字段,method_spec,topic3,,topic3,topic3:interface+registry,,,细胞通讯分析方法原文,组学方法、结果表或补充材料,,,AMB-026,sources/omics_v2/omics_metadata_template.json#/single_cell_specific/cell_cell_interaction_method
omics.chromatin_region_id,omics,string,D,N,,active,provisional,omics_v2,3.1.0,研究内容1、通用字段,entity_id,"topic2,topic3,derivation",,"topic2,topic3,derivation",topic2:memory;topic3:interface;derivation:kg+rdb+triple,,,染色质区域或峰ID原文,组学方法、结果表或补充材料,,,AMB-026,sources/omics_v2/omics_metadata_template.json#/epigenomics_specific/chromatin_region_id
omics.peak_start,omics,integer,D,N,,active,provisional,omics_v2,3.1.0,研究内容1、通用字段,entity_attribute,"topic2,topic3,derivation",,"topic2,topic3,derivation",topic2:memory;topic3:interface;derivation:kg+rdb+qa,,,峰起点物理位置 bp；须结合组装版本使用,组学方法、结果表或补充材料,,minimum=1,AMB-026,sources/omics_v2/omics_metadata_template.json#/epigenomics_specific/peak_start
omics.peak_end,omics,integer,D,N,,active,provisional,omics_v2,3.1.0,研究内容1、通用字段,entity_attribute,"topic2,topic3,derivation",,"topic2,topic3,derivation",topic2:memory;topic3:interface;derivation:kg+rdb+qa,,,峰终点物理位置 bp；须结合组装版本使用,组学方法、结果表或补充材料,,minimum=1,AMB-026,sources/omics_v2/omics_metadata_template.json#/epigenomics_specific/peak_end
omics.histone_mark,omics,string,D,N,,active,provisional,omics_v2,3.1.0,研究内容1、通用字段,entity_attribute,"topic2,topic3,derivation",,"topic2,topic3,derivation",topic2:memory;topic3:interface;derivation:kg+rdb+qa,,,组蛋白修饰类型原文，如 H3K27ac,组学方法、结果表或补充材料,,,AMB-026,sources/omics_v2/omics_metadata_template.json#/epigenomics_specific/histone_mark
omics.methylation_context,omics,string,D,N,,active,provisional,omics_v2,3.1.0,研究内容1、通用字段,entity_attribute,"topic2,topic3,derivation",,"topic2,topic3,derivation",topic2:memory;topic3:interface;derivation:kg+rdb+qa,,,甲基化序列背景原文，如 CG、CHG、CHH,组学方法、结果表或补充材料,,,AMB-026,sources/omics_v2/omics_metadata_template.json#/epigenomics_specific/methylation_context
omics.motif_id,omics,string,D,N,,active,provisional,omics_v2,3.1.0,研究内容1、通用字段,entity_id,"topic2,topic3,derivation",,"topic2,topic3,derivation",topic2:memory;topic3:interface;derivation:kg+rdb+triple,,,基序ID原文,组学方法、结果表或补充材料,,,AMB-026,sources/omics_v2/omics_metadata_template.json#/epigenomics_specific/motif_id
omics.tf_binding_candidate,omics,string,D,N,,active,provisional,omics_v2,3.1.0,研究内容1、通用字段,entity_mention,"topic2,topic3,derivation",,"topic2,topic3,derivation",topic2:reasoning+memory;topic3:interface;derivation:kg+rdb+triple+qa,,,候选结合转录因子原文,组学方法、结果表或补充材料,,,AMB-026,sources/omics_v2/omics_metadata_template.json#/epigenomics_specific/tf_binding_candidate
omics.linked_regulatory_gene,omics,string,D,N,,active,provisional,omics_v2,3.1.0,研究内容1、通用字段,entity_mention,"topic2,topic3,derivation",,"topic2,topic3,derivation",topic2:reasoning+memory;topic3:interface;derivation:kg+rdb+triple+qa,,,关联的调控靶基因原文,组学方法、结果表或补充材料,,,AMB-026,sources/omics_v2/omics_metadata_template.json#/epigenomics_specific/linked_regulatory_gene
omics.differential_peak_status,omics,string,D,N,,active,provisional,omics_v2,3.1.0,研究内容2、通用字段,statistic,"topic2,topic3",,"topic2,topic3",topic2:reasoning+execution;topic3:output,,,差异峰状态原文,组学方法、结果表或补充材料,,,AMB-026,sources/omics_v2/omics_metadata_template.json#/epigenomics_specific/differential_peak_status
omics.protein_id,omics,string,D,N,,active,provisional,omics_v2,3.1.0,研究内容1、通用字段,entity_id,"topic2,topic3,derivation",,"topic2,topic3,derivation",topic2:memory;topic3:interface;derivation:kg+rdb+triple,,,蛋白ID原文,组学方法、结果表或补充材料,,,AMB-026,sources/omics_v2/omics_metadata_template.json#/proteomics_specific/protein_id
omics.peptide_id,omics,string,D,N,,active,provisional,omics_v2,3.1.0,研究内容1、通用字段,entity_id,"topic2,topic3,derivation",,"topic2,topic3,derivation",topic2:memory;topic3:interface;derivation:kg+rdb+triple,,,肽段ID或序列原文,组学方法、结果表或补充材料,,,AMB-026,sources/omics_v2/omics_metadata_template.json#/proteomics_specific/peptide_id
omics.protein_fold_change,omics,number,D,N,,active,provisional,omics_v2,3.1.0,研究内容2、通用字段,measurement,"topic2,topic3",,"topic2,topic3",topic2:reasoning+execution;topic3:interface+output,,,蛋白丰度倍数变化,组学方法、结果表或补充材料,,,AMB-026,sources/omics_v2/omics_metadata_template.json#/proteomics_specific/protein_fold_change
omics.protein_identification_score,omics,number,D,N,,active,provisional,omics_v2,3.1.0,研究内容2、通用字段,statistic,"topic2,topic3",,"topic2,topic3",topic2:reasoning+execution;topic3:output,,,蛋白鉴定得分,组学方法、结果表或补充材料,,,AMB-026,sources/omics_v2/omics_metadata_template.json#/proteomics_specific/protein_identification_score
omics.post_translational_modification,omics,string,D,N,,active,provisional,omics_v2,3.1.0,研究内容1、通用字段,entity_attribute,"topic2,topic3,derivation",,"topic2,topic3,derivation",topic2:memory;topic3:interface;derivation:kg+rdb+qa,,,翻译后修饰类型原文,组学方法、结果表或补充材料,,,AMB-026,sources/omics_v2/omics_metadata_template.json#/proteomics_specific/post_translational_modification
omics.interaction_partner,omics,string,D,N,,active,provisional,omics_v2,3.1.0,研究内容1、通用字段,entity_mention,"topic2,topic3,derivation",,"topic2,topic3,derivation",topic2:reasoning+memory;topic3:interface;derivation:kg+rdb+triple+qa,,,互作蛋白原文,组学方法、结果表或补充材料,,,AMB-026,sources/omics_v2/omics_metadata_template.json#/proteomics_specific/interaction_partner
omics.metabolite_id,omics,string,D,N,,active,provisional,omics_v2,3.1.0,研究内容1、通用字段,entity_id,"topic2,topic3,derivation",,"topic2,topic3,derivation",topic2:memory;topic3:interface;derivation:kg+rdb+triple,,,代谢物ID原文,组学方法、结果表或补充材料,,,AMB-026,sources/omics_v2/omics_metadata_template.json#/metabolomics_specific/metabolite_id
omics.metabolite_name,omics,string,D,N,,active,provisional,omics_v2,3.1.0,研究内容1、通用字段,entity_mention,"topic2,topic3,derivation",,"topic2,topic3,derivation",topic2:reasoning+memory;topic3:interface;derivation:kg+rdb+triple+qa,,,代谢物名称原文,组学方法、结果表或补充材料,,,AMB-026,sources/omics_v2/omics_metadata_template.json#/metabolomics_specific/metabolite_name
omics.metabolite_database_id,omics,string,D,N,,active,provisional,omics_v2,3.1.0,研究内容1、通用字段,entity_id,"topic2,topic3,derivation",,"topic2,topic3,derivation",topic2:memory;topic3:interface;derivation:kg+rdb+triple,,,代谢物数据库ID原文，如 KEGG 或 HMDB 编号,组学方法、结果表或补充材料,,,AMB-026,sources/omics_v2/omics_metadata_template.json#/metabolomics_specific/database_id
omics.chemical_formula,omics,string,D,N,,active,provisional,omics_v2,3.1.0,研究内容1、通用字段,entity_attribute,"topic2,topic3,derivation",,"topic2,topic3,derivation",topic2:memory;topic3:interface;derivation:kg+rdb+qa,,,化学式原文,组学方法、结果表或补充材料,,,AMB-026,sources/omics_v2/omics_metadata_template.json#/metabolomics_specific/chemical_formula
omics.mz,omics,number,D,N,,active,provisional,omics_v2,3.1.0,研究内容1、通用字段,entity_attribute,"topic2,topic3,derivation",,"topic2,topic3,derivation",topic2:memory;topic3:interface;derivation:kg+rdb+qa,,,质荷比 m/z,组学方法、结果表或补充材料,,minimum=0,AMB-026,sources/omics_v2/omics_metadata_template.json#/metabolomics_specific/mz
omics.retention_time,omics,string,D,N,,active,provisional,omics_v2,3.1.0,研究内容1、通用字段,entity_attribute,"topic2,topic3,derivation",,"topic2,topic3,derivation",topic2:memory;topic3:interface;derivation:kg+rdb+qa,,,保留时间原文（含单位）,组学方法、结果表或补充材料,,,AMB-026,sources/omics_v2/omics_metadata_template.json#/metabolomics_specific/retention_time
omics.metabolite_fold_change,omics,number,D,N,,active,provisional,omics_v2,3.1.0,研究内容2、通用字段,measurement,"topic2,topic3",,"topic2,topic3",topic2:reasoning+execution;topic3:interface+output,,,代谢物丰度倍数变化,组学方法、结果表或补充材料,,,AMB-026,sources/omics_v2/omics_metadata_template.json#/metabolomics_specific/metabolite_fold_change
omics.metabolite_annotation_level,omics,string,D,N,,active,provisional,omics_v2,3.1.0,研究内容1、迭代优化,entity_attribute,"topic2,topic3,derivation",,"topic2,topic3,derivation",topic2:memory;topic3:interface;derivation:kg+rdb+qa,,,代谢物注释置信等级原文,组学方法、结果表或补充材料,,,AMB-026,sources/omics_v2/omics_metadata_template.json#/metabolomics_specific/annotation_level
